NAMEE,address_full,website,rating,longitude,latitude,category,place_url
Anson Oil Industries Sdn Bhd (Palm Oil Mill),"Anson Oil Industries Sdn Bhd (Palm Oil Mill), 3° 57' 19.7316'' N 101° 11' 53.1960'' E, Malaysia",,4.7,101.195506,3.9557791,Mill,https://www.google.com/maps/place/data=!3m1!4b1!4m6!3m5!1s0x31cb72f9a5c831f7:0x12fda9ee64d434bc!8m2!3d3.9557791!4d101.195506!16s%2Fg%2F11bv3mn5lk?entry=ttu
Banting Palm Oil Mill,"Banting Palm Oil Mill, Chenna Agro St, 42800, Selangor, Malaysia",,4.6,101.4900802,2.7232291,Mill,https://www.google.com/maps/place/data=!3m1!4b1!4m6!3m5!1s0x31cda282b095779d:0xe7f566e698cc181f!8m2!3d2.7232291!4d101.4900802!16s%2Fg%2F11crydk997?entry=ttu
Bukit Berembun Palm Oil Mill,"Bukit Berembun Palm Oil Mill, 26700 Bandar Tun Abdul Razak, Pahang, Malaysia",,3.9,102.7674062,3.0767121,Mill,https://www.google.com/maps/place/data=!3m1!4b1!4m6!3m5!1s0x31ceff80b9df6b9f:0x19d45cd497860603!8m2!3d3.0767121!4d102.7674062!16s%2Fg%2F11hhnsh7x0?entry=ttu
Bukit Leelau Palm Oil Mill,"Bukit Leelau Palm Oil Mill, Unnamed Road,, 26650 Pekan, Pahang, Malaysia",,4.3,103.1370449,3.3023495,Mill,https://www.google.com/maps/place/data=!3m1!4b1!4m6!3m5!1s0x31cf150fa41a4171:0x4cfeead47bdb676f!8m2!3d3.3023495!4d103.1370449!16s%2Fg%2F11csqz9lp5?entry=ttu
"Bukit Puteri Palm Oil Mill, SD Guthrie","Bukit Puteri Palm Oil Mill, SD Guthrie, Unnamed Rd, 27650 Sungai Koyan, Pahang, Malaysia",https://www.sdguthrie.com/,4,101.8626383,4.2021464,Mill,https://www.google.com/maps/place/data=!3m1!4b1!4m6!3m5!1s0x31cbce6a57a876fb:0x68bcea24382fa493!8m2!3d4.2021464!4d101.8626383!16s%2Fg%2F11bz0l4lqp?entry=ttu
Bukit Senorang Palm Oil Mill,"Bukit Senorang Palm Oil Mill, 10, Kampung Datok Hamzah, 28380 Kemayan, Pahang, Malaysia",,3.4,102.4265056,3.0974566,Mill,https://www.google.com/maps/place/data=!3m1!4b1!4m6!3m5!1s0x31ce8b5a0aae5037:0x896fb62704524020!8m2!3d3.0974566!4d102.4265056!16s%2Fg%2F11b74kk7x_?entry=ttu
Carotino Palm Oil Mill,"Carotino Palm Oil Mill, Pahang, Malaysia",,4.8,102.8174329,3.8158646,Mill,https://www.google.com/maps/place/data=!3m1!4b1!4m6!3m5!1s0x31c8d81b31364519:0xba415da6bf76630b!8m2!3d3.8158646!4d102.8174329!16s%2Fg%2F11gdqpb5wm?entry=ttu
Changkat Chermin Palm Oil Mill,"32400, Malaysia, Perak, Ayer Tawar, Unnamed Road, Changkat Chermin Palm Oil Mill",,3.2,100.7838886,4.2746386,Mill,https://www.google.com/maps/place/data=!3m1!4b1!4m6!3m5!1s0x31cb2889351cdf35:0x10afa4233958b18f!8m2!3d4.2746386!4d100.7838886!16s%2Fg%2F11csrpyswl?entry=ttu
Cheekah-Kemayan Palm Oil Mill,"Cheekah-Kemayan Palm Oil Mill, 28380 Kemayan, Pahang, Malaysia",http://www.cirp.com/projects/palm_oil_investment.phtml,4.7,102.4745199,3.1476795,Mill,https://www.google.com/maps/place/data=!3m1!4b1!4m6!3m5!1s0x31cef2fb64de6cc9:0x51439991a62fdba7!8m2!3d3.1476795!4d102.4745199!16s%2Fg%2F11c1x1v5hg?entry=ttu
Classic Palm Oil Mill Sdn Bhd,"Classic Palm Oil Mill Sdn Bhd, Lot514 & 515, Kampung Tiong, 73400 Gemas, Negeri Sembilan, Malaysia",,5,102.6231656,2.6003906,Mill,https://www.google.com/maps/place/data=!3m1!4b1!4m6!3m5!1s0x31ce31b14be6ea17:0xeff6a9843b0fd2c8!8m2!3d2.6003906!4d102.6231656!16s%2Fg%2F11hdgr_8rp?entry=ttu
Endau Palm Oil Mill,"Endau Palm Oil Mill, No. 50, Jalan SS 6/1, Ss 6, 47301 Petaling Jaya, Selangor, Malaysia",,,101.601756,3.101537,Mill,https://www.google.com/maps/place/data=!3m1!4b1!4m6!3m5!1s0x31cc4c1059cc243b:0x8f843d754ef80646!8m2!3d3.101537!4d101.601756!16s%2Fg%2F1pzt6040z?entry=ttu
Endau Palm Oil Mill,"Endau Palm Oil Mill, Unnamed Road, 26820 Kuala Rompin, Pahang, Malaysia",,4.2,103.5058276,2.6792013,Mill,https://www.google.com/maps/place/data=!3m1!4b1!4m6!3m5!1s0x31cff50e290d6b03:0x1a9e31cee56dfaf5!8m2!3d2.6792013!4d103.5058276!16s%2Fg%2F11fylql8tn?entry=ttu
Eng Hong Palm Oil Mill Sdn Bhd,"Eng Hong Palm Oil Mill Sdn Bhd, Lot 18, Jln. Sg. Buaya, Kg, Kampung Sungai Buaya, 42700 Banting, Selangor, Malaysia",https://www.facebook.com/share/1BoT5Pv7kS/?mibextid=wwXIfr,3.5,101.4768901,2.8598388,Mill,https://www.google.com/maps/place/data=!3m1!4b1!4m6!3m5!1s0x31cda56fdabd0197:0x1317b8356baa65e2!8m2!3d2.8598388!4d101.4768901!16s%2Fg%2F1tj6rb69?entry=ttu
Fermanagh Palm Oil Mill,"JMX5+HW Fermanagh Palm Oil Mill, Kampung Ulu Tris, 43950 Tanjong Sepat, Selangor, Malaysia",,5,101.6596826,2.6488544,Mill,https://www.google.com/maps/place/data=!3m1!4b1!4m6!3m5!1s0x31cd95aacda28a4b:0xb5f46d13cc99a963!8m2!3d2.6488544!4d101.6596826!16s%2Fg%2F11rhws48td?entry=ttu
Flemington Mill / KKS Flemington,"Flemington Mill / KKS Flemington, teluk Intan, Perak, 36309 Sungai Sumun, Malaysia",https://www.sdguthrie.com/,3.3,100.8572001,3.9281822,Mill,https://www.google.com/maps/place/data=!3m1!4b1!4m6!3m5!1s0x31cb46957bdb08ad:0x75846e6a34abf1b7!8m2!3d3.9281822!4d100.8572001!16s%2Fg%2F11g9gvm9ng?entry=ttu
Golconda Palm Oil Mill,"Golconda Palm Oil Mill, 42200 Kapar, Selangor, Malaysia",,4.5,101.3871714,3.1381583,Mill,https://www.google.com/maps/place/data=!3m1!4b1!4m6!3m5!1s0x31cc565f0cc71941:0xfae8844c598362ef!8m2!3d3.1381583!4d101.3871714!16s%2Fg%2F11hcdtqjbv?entry=ttu
Golden Palm Oil Industries Sdn Bhd,"Golden Palm Oil Industries Sdn Bhd, 11, Persiaran Mewah, Bandar Tun Razak, 56000 Cheras, Federal Territory of Kuala Lumpur, Malaysia",https://www.goldenpalmoil.com/,4.7,101.7233507,3.0835131,Mill,https://www.google.com/maps/place/data=!3m1!4b1!4m6!3m5!1s0x31cc3616ba7f4be1:0x5f061322e7cfb035!8m2!3d3.0835131!4d101.7233507!16s%2Fg%2F1tjdtdt2?entry=ttu
Gomali Palm Oil Mill,"Gomali Palm Oil Mill, 85100, Johor, Malaysia",,5,102.6794433,2.6108286,Mill,https://www.google.com/maps/place/data=!3m1!4b1!4m6!3m5!1s0x31ce3122a88b5cbd:0x6086932772650355!8m2!3d2.6108286!4d102.6794433!16s%2Fg%2F11c60vrcxd?entry=ttu
Havys Oil Mill Sdn. Bhd.,"Havys Oil Mill Sdn. Bhd., KM 31, 11, 26700 MukimBera, Pahang, Malaysia",http://www.havys.com.my/,4.1,102.6612937,2.8941119,Mill,https://www.google.com/maps/place/data=!3m1!4b1!4m6!3m5!1s0x31ce504e9083c4f7:0x77b40daaa1fe9f94!8m2!3d2.8941119!4d102.6612937!16s%2Fg%2F11b674h21n?entry=ttu
Keningau Palm Oil Mill,"Keningau Palm Oil Mill, Unnamed Road, Keningau, Sabah, Malaysia",https://kpom.com.my/,4.6,116.0946628,5.1085079,Mill,https://www.google.com/maps/place/data=!3m1!4b1!4m6!3m5!1s0x323d1ef92ce5e57f:0xb998a6b083c0a088!8m2!3d5.1085079!4d116.0946628!16s%2Fg%2F11g00y0zmr?entry=ttu
Kilang Sawit Jeng Huat Palm Oil Mill,"Kilang Sawit Jeng Huat Palm Oil Mill, Jln Kemayan -Tembangau, tembangau, 28380 Kemayan, Pahang, Malaysia",,5,102.4577047,3.1048952,Mill,https://www.google.com/maps/place/data=!3m1!4b1!4m6!3m5!1s0x31cef35f0f507463:0xc7470a64d7c080eb!8m2!3d3.1048952!4d102.4577047!16s%2Fg%2F11g6hz1c54?entry=ttu
"Kok Foh Palm Oil Mill, SD Guthrie","Kok Foh Palm Oil Mill, SD Guthrie, Kilang Kelapa Sawit Kok Foh, 72109 Bahau, Negeri Sembilan, Malaysia",https://www.sdguthrie.com/,4.7,102.5035602,2.7853108,Farm,https://www.google.com/maps/place/data=!3m1!4b1!4m6!3m5!1s0x31ce4141585a6b5d:0x6932eb1ece257c2c!8m2!3d2.7853108!4d102.5035602!16s%2Fg%2F11bwh5r5k5?entry=ttu
KUALA LUMPUR KEPONG BERHAD Kilang Kelapa Sawit Kekayaan,"KUALA LUMPUR KEPONG BERHAD Kilang Kelapa Sawit Kekayaan, K/B 110, 86609 Paloh, Johor Darul Ta'zim, Malaysia",https://www.klk.com.my/,4.5,103.2705308,2.2038698,Mill,https://www.google.com/maps/place/data=!3m1!4b1!4m6!3m5!1s0x31d010d5b856daef:0x550413aa0969e986!8m2!3d2.2038698!4d103.2705308!16s%2Fg%2F11c6mglj56?entry=ttu
Ladang Sabah Palm Oil Mill,"Ladang Sabah Palm Oil Mill, 90100 Beluran, Sabah, Malaysia",,3.6,117.576849,5.7299448,Mill,https://www.google.com/maps/place/data=!3m1!4b1!4m6!3m5!1s0x3239355d9e7cc69f:0x2a53321626b91e30!8m2!3d5.7299448!4d117.576849!16s%2Fg%2F11h8l4qgm6?entry=ttu
Ledang Mas Palm Oil Mill,"Ledang Mas Palm Oil Mill, 85200 Jementah, Johor, Malaysia",https://phworldpalmoil.com.my/,4.1,102.6681305,2.4104206,Mill,https://www.google.com/maps/place/data=!3m1!4b1!4m6!3m5!1s0x31ce293820a4c659:0xef9290b3c633130c!8m2!3d2.4104206!4d102.6681305!16s%2Fg%2F11g0hlgk1_?entry=ttu
Lenga Palm Oil Mill Johor Ruma C4,"Lenga Palm Oil Mill Johor Ruma C4, Unnamed Road, 84900, 84900, Johor, Malaysia",,5,102.569908,2.2239251,Mill,https://www.google.com/maps/place/data=!3m1!4b1!4m6!3m5!1s0x31d1c4e6b2bbcb25:0xdebd9022025dbc74!8m2!3d2.2239251!4d102.569908!16s%2Fg%2F11c6qrlppr?entry=ttu
Lumadan Palm Oil Mill,"Lumadan Palm Oil Mill, 89800 Beaufort, Sabah, Malaysia",http://www.sawitkinabalu.com.my/,4.8,115.657669,5.2546672,Mill,https://www.google.com/maps/place/data=!3m1!4b1!4m6!3m5!1s0x32232cb187d6aaa1:0x4a264d7d86c48af0!8m2!3d5.2546672!4d115.657669!16s%2Fg%2F11b66gtvfc?entry=ttu
Malaysian Palm Oil Board,"Malaysian Palm Oil Board, Lot 6, SS 6, Jalan Perbadaran , 47301, 47301, Selangor, Malaysia",http://www.mpob.gov.my/,4,101.5983644,3.098345,Office,https://www.google.com/maps/place/data=!3m1!4b1!4m6!3m5!1s0x31cc4c1f32d6db9b:0x867ff28d6ebe2a08!8m2!3d3.098345!4d101.5983644!16s%2Fg%2F1tfm8r5b?entry=ttu
Malaysian Palm Oil Council - HQ,"Malaysian Palm Oil Council - HQ, Level 25, PJX HM Shah Tower, 16A, Persiaran Barat, Pjs 52, 46200 Petaling Jaya, Selangor, Malaysia",https://www.mpoc.org.my/,4.5,101.6456277,3.1049342,Office,https://www.google.com/maps/place/data=!3m1!4b1!4m6!3m5!1s0x31cc4c115350afb9:0x1e473e420fa0269e!8m2!3d3.1049342!4d101.6456277!16s%2Fg%2F11g6s7jl6b?entry=ttu
Palm Oil Mill Effluent Zero Discharge Green Technology Centre (POMTEC),"Palm Oil Mill Effluent Zero Discharge Green Technology Centre (POMTEC), Pusat Teknologi Kilang Sawit (POMTEC). MPOB Y1900 Labu, Negeri Sembilan,. Malaysia, Malaysia",https://mpobdivision44.wixsite.com/division/pomtec,3.8,101.8046515,2.7489578,Mill,https://www.google.com/maps/place/data=!3m1!4b1!4m6!3m5!1s0x31cdc22f5b941e0d:0xf255622563d1acc2!8m2!3d2.7489578!4d101.8046515!16s%2Fg%2F11b6gq1cvv?entry=ttu
Palmco Oil Mill Sdn Bhd,"Palmco Oil Mill Sdn Bhd, No. 123, Lorong Perusahaan 1 Kawasan Perusahaan Perai, 13600, Perai, Pulau Pinang, 13600, Malaysia",,4.2,100.367279,5.3873729,Wholesaler,https://www.google.com/maps/place/data=!3m1!4b1!4m6!3m5!1s0x304ac6815cf3b793:0x681445b8a92269a4!8m2!3d5.3873729!4d100.367279!16s%2Fg%2F1ptxjt3dv?entry=ttu
Palmgroup Palm Oil Mill Sdn Bhd,"Palmgroup Palm Oil Mill Sdn Bhd, Unnamed Road, 96000 Balingian, Sarawak, Malaysia",,3.9,112.6345698,2.8239015,Mill,https://www.google.com/maps/place/data=!3m1!4b1!4m6!3m5!1s0x321d7fcd1e8a3b69:0x1ff177ef594b68f8!8m2!3d2.8239015!4d112.6345698!16s%2Fg%2F11c6t72dns?entry=ttu
PALMIC OIL SDN BHD,"PALMIC OIL SDN BHD, Menara Dato Onn, Jalan Tun Ismail, Kuala Lumpur, 50480 Kuala Lumpur, Federal Territory of Kuala Lumpur, Malaysia",http://www.palmicoil.com/,5,101.6911023,3.1691424,Wholesaler,https://www.google.com/maps/place/data=!3m1!4b1!4m6!3m5!1s0x31cc4961f3ebe925:0x41d5a170114a4549!8m2!3d3.1691424!4d101.6911023!16s%2Fg%2F11k5hkt2mx?entry=ttu
Palong Cocoa Palm Oil Mill,"Palong Cocoa Palm Oil Mill, K.B 504, Johor 85009, Johor, Malaysia",,4.2,102.7862777,2.7056694,Farm,https://www.google.com/maps/place/data=!3m1!4b1!4m6!3m5!1s0x31cfd2d3316a933b:0x540c5e7673b7740e!8m2!3d2.7056694!4d102.7862777!16s%2Fg%2F11bymxnq0h?entry=ttu
"Petroleum Industry of Malaysia Mutual Aid Group, Labuan (PIMMAG LBN)","Petroleum Industry of Malaysia Mutual Aid Group, Labuan (PIMMAG LBN), Ranca-ranca Industrial Estate, 87000 Labuan, Labuan Federal Territory, Malaysia",http://www.pimmag.com.my/,3.6,115.2431595,5.2576289,Warehouse,https://www.google.com/maps/place/data=!3m1!4b1!4m6!3m5!1s0x32231f2c1d72fd35:0xf4789c3842fd51b3!8m2!3d5.2576289!4d115.2431595!16s%2Fg%2F11c492k8wd?entry=ttu
Prosper Palm Oil Mill,"Prosper Palm Oil Mill, 72120 Bandar Seri Jempol, Negeri Sembilan, Malaysia",,4,102.5228021,2.8898111,Mill,https://www.google.com/maps/place/data=!3m1!4b1!4m6!3m5!1s0x31ce5c9920624ea9:0x2e7d229c05a37ba0!8m2!3d2.8898111!4d102.5228021!16s%2Fg%2F11b6j8x7gz?entry=ttu
Rompin Palm Oil Mill Sdn. Bhd.,"Rompin Palm Oil Mill Sdn. Bhd., Mukim Bebar, Pahang, 26700 Bandar Muadzam Shah, Malaysia",,,101.6030002,3.0990785,Farm,https://www.google.com/maps/place/data=!3m1!4b1!4m6!3m5!1s0x31cc4c11ed4bd0c9:0x4b964126b91be36a!8m2!3d3.0990785!4d101.6030002!16s%2Fg%2F11bc8ckgw4?entry=ttu
Sarawak Oil Palms Berhad,"No 124, Sarawak Oil Palms Berhad, 126, Jalan Bendahara, 98000 Miri, Sarawak, Malaysia",http://www.sop.com.my/,3.9,113.9870912,4.3977999,Office,https://www.google.com/maps/place/data=!3m1!4b1!4m6!3m5!1s0x321f48cd010e17a1:0x3daf8fb063de732f!8m2!3d4.3977999!4d113.9870912!16s%2Fg%2F1pztnmjl6?entry=ttu
Sarawak Oil Palms Berhad,"Sarawak Oil Palms Berhad, Jalan Miri-Bintulu, Sarawak, 98150 Miri, Malaysia",,4.4,113.9818048,4.0972413,Farm,https://www.google.com/maps/place/data=!3m1!4b1!4m6!3m5!1s0x321f366bc0cc2c8f:0xaa3f077419383a8b!8m2!3d4.0972413!4d113.9818048!16s%2Fg%2F11bc8c7wsx?entry=ttu
SD Guthrie Berhad (Tennamaram Palm Oil Mill),"SD Guthrie Berhad (Tennamaram Palm Oil Mill), Kilang Kelapa Sawit Tennamaram, K/B No. 211, 45600 Bestari Jaya, Selangor, Malaysia",https://www.sdguthrie.com/,3.7,101.4174583,3.3954961,Mill,https://www.google.com/maps/place/data=!3m1!4b1!4m6!3m5!1s0x31cc61c4f7d97263:0xbf47da8706339f6b!8m2!3d3.3954961!4d101.4174583!16s%2Fg%2F1td15bdv?entry=ttu
"SD Guthrie, Kempas Palm Oil Mill","SD Guthrie, Kempas Palm Oil Mill, KKS Kempas, K/B No.1711, 77000 Jasin, Malacca, Malaysia",https://www.sdguthrie.com/,4,102.4808282,2.2445604,Mill,https://www.google.com/maps/place/data=!3m1!4b1!4m6!3m5!1s0x31d1e752018e2935:0x7f6c87c01cda89ce!8m2!3d2.2445604!4d102.4808282!16s%2Fg%2F1hc1ms1wd?entry=ttu
SDS Palm Oil Mill,"SDS Palm Oil Mill, 20, Jalan Bukit Mewah 78, Taman Bukit Mewah, 43000 Kajang, Selangor, Malaysia",,,101.8021682,2.975464,Oil refinery,https://www.google.com/maps/place/data=!3m1!4b1!4m6!3m5!1s0x31cdcd0cfd5ade19:0x23daf0d4654d71dc!8m2!3d2.975464!4d101.8021682!16s%2Fg%2F11y24lx0zd?entry=ttu
Selangor Oil Palm Industries Corporation Sdn. Bhd.,"Selangor Oil Palm Industries Corporation Sdn. Bhd., Tingkat 10 Wisma Pkns Persiaran Perbandaran, Section 14, 40675, Malaysia, 40000 Shah Alam, Selangor, Malaysia",,4.7,101.522948,3.0730973,Office,https://www.google.com/maps/place/data=!3m1!4b1!4m6!3m5!1s0x31cc5280440c95ad:0xdd5d5dbffbae582c!8m2!3d3.0730973!4d101.522948!16s%2Fg%2F1v96j8wd?entry=ttu
Seri Bandar Palm Oil Mill Sdn Bhd,"Seri Bandar Palm Oil Mill Sdn Bhd, Seri bandar Palm oil sdn, Jalan Tok Mujir, Kampung Sungai Buaya, 42700 Banting, Selangor, Malaysia",,3.8,101.4679511,2.8454743,Mill,https://www.google.com/maps/place/data=!3m1!4b1!4m6!3m5!1s0x31cda51a55555555:0x87c9d7063f11fe33!8m2!3d2.8454743!4d101.4679511!16s%2Fg%2F1hc46t72_?entry=ttu
Seri Langat Palm Oil Mill S/B,"Seri Langat Palm Oil Mill S/B, Batu 15, Jln Klang Banting, 42600 Jenjarom, Selangor, Malaysia",,4.3,101.5118486,2.8636561,Mill,https://www.google.com/maps/place/data=!3m1!4b1!4m6!3m5!1s0x31cdaf890e9694a9:0x177c84856ce18cc1!8m2!3d2.8636561!4d101.5118486!16s%2Fg%2F1tn039fb?entry=ttu
Seri Morib Palm Oil Mill Sdn Bhd,"Seri Morib Palm Oil Mill Sdn Bhd, Chenna Agro St, 42800 Banting, Selangor, Malaysia",,5,101.4901179,2.7222441,Mill,https://www.google.com/maps/place/data=!3m1!4b1!4m6!3m5!1s0x31cda335890da5e3:0x60d52443337e91cf!8m2!3d2.7222441!4d101.4901179!16s%2Fg%2F11g078vxl6?entry=ttu
Seri Ulu Langat Palm Oil Mill Sdn Bhd,"Seri Ulu Langat Palm Oil Mill Sdn Bhd, Lot 3115, Batu 34, Jalan Banting, Dengkil, 43800, Dengkil, Selangor, 43800, Malaysia",,3.5,101.6502292,2.8509485,Mill,https://www.google.com/maps/place/data=!3m1!4b1!4m6!3m5!1s0x31cdb84dcebc956d:0x7f282eb86e14158!8m2!3d2.8509485!4d101.6502292!16s%2Fg%2F1tdpjlls?entry=ttu
Sin Huat Hin Palm Oil Mill (Kuala Selangor),"Sin Huat Hin Palm Oil Mill (Kuala Selangor), Lot 4636, Jalan Kampung Kuantan, 45600 Bestari Jaya, Selangor, Malaysia",,5,101.2911183,3.3458875,Oil refinery,https://www.google.com/maps/place/data=!3m1!4b1!4m6!3m5!1s0x31ccf5b3ab88506f:0xbbd24d21ab8f2e96!8m2!3d3.3458875!4d101.2911183!16s%2Fg%2F11j4pc8ftz?entry=ttu
Solid Orient Palm Oil Mill,"LOT 3998, Solid Orient Palm Oil Mill, BATU LIMA, Jalan Baling, 09300 Kuala Ketil, Kedah, Malaysia",http://www.fittersgroup.com/soh,4.4,100.6994478,5.5694003,Oil refinery,https://www.google.com/maps/place/data=!3m1!4b1!4m6!3m5!1s0x31b52be7a46ff71f:0x2c4be91c63642878!8m2!3d5.5694003!4d100.6994478!16s%2Fg%2F11cmf0y3m6?entry=ttu
SRI GANDA OIL MILL SDN BHD,"SRI GANDA OIL MILL SDN BHD, BATU 10 OFF BATU 7 JALAN CHANGKAT JONG, 36000 Teluk Intan, Perak, Malaysia",http://srigandaoilmill.com.my/,4.6,101.1987142,3.9141712,Mill,https://www.google.com/maps/place/data=!3m1!4b1!4m6!3m5!1s0x31cb73af85e270d9:0x3bf6fbd6e6366977!8m2!3d3.9141712!4d101.1987142!16s%2Fg%2F11sn_62mcg?entry=ttu
ST Palm Oil Mill,"ST Palm Oil Mill, Unnamed Road, 27620 Raub District, Pahang, Malaysia",,,101.8629425,3.9544573,Farm,https://www.google.com/maps/place/data=!3m1!4b1!4m6!3m5!1s0x31cbe93f1565239b:0x20e4f391b63d36dc!8m2!3d3.9544573!4d101.8629425!16s%2Fg%2F11qg7s2ws5?entry=ttu
ST PALM OIL MILL,"R5PF+68 ST PALM OIL MILL, Ulu Bernam, Perak, Malaysia",,4.3,101.1733492,3.835609,Mill,https://www.google.com/maps/place/data=!3m1!4b1!4m6!3m5!1s0x31cb71bf988bb4bb:0xee41c8654dafbb5a!8m2!3d3.835609!4d101.1733492!16s%2Fg%2F11v62sz92x?entry=ttu
Sungai Kachur Palm Oil Mill,"Sungai Kachur Palm Oil Mill, 22, Wisma Zelan 1, Jalan Permaisuri 2, Bandar Tun Razak,, 56000, Cheras, WP Kuala Lumpur, 56000, Malaysia",,,101.7172824,3.0997757,Office,https://www.google.com/maps/place/data=!3m1!4b1!4m6!3m5!1s0x31cc35f032d80197:0xc72f1dfd67b08f91!8m2!3d3.0997757!4d101.7172824!16s%2Fg%2F1tsygpx_?entry=ttu
Sungai Terah Palm Oil Mill Sdn Bhd,"Sungai Terah Palm Oil Mill Sdn Bhd, Ladang Sg. Terah, 18300 Gua Musang, Kelantan, Malaysia",,4.3,101.9556677,4.9786028,Mill,https://www.google.com/maps/place/data=!3m1!4b1!4m6!3m5!1s0x31b5f8e9b20325f5:0xb15153ef340239cd!8m2!3d4.9786028!4d101.9556677!16s%2Fg%2F11d_ycblf5?entry=ttu
SYNN PALM OIL MILL,"SYNN PALM OIL MILL, 61, Lorong 3, Taman Seri Larut, 34700 Simpang, Perak, Malaysia",,5,100.6992109,4.8312294,Mill,https://www.google.com/maps/place/data=!3m1!4b1!4m6!3m5!1s0x31caaddd30000001:0x233aa759b1226234!8m2!3d4.8312294!4d100.6992109!16s%2Fg%2F11c5xwtbhj?entry=ttu
Tanjong Malim Palm Oil Mill (Kilang Kelapa Sawit Tanjong Malim,"Tanjong Malim Palm Oil Mill (Kilang Kelapa Sawit Tanjong Malim, Karung Berkunci No. 3, 35909 Tanjong Malim, Perak, Malaysia",http://www.klk.com.my/,5,101.4867103,3.6943945,Mill,https://www.google.com/maps/place/data=!3m1!4b1!4m6!3m5!1s0x31cb870016bf5ab3:0x8d6c9a0c012cef6!8m2!3d3.6943945!4d101.4867103!16s%2Fg%2F11wj5fmf9l?entry=ttu
Tee Teh Palm Oil Mill,"Tee Teh Palm Oil Mill, Block 10, Jalan Tee Teh, Bandar Tun Abdul Razak, Pahang, Malaysia",,4.8,102.866084,2.8350418,Farm,https://www.google.com/maps/place/data=!3m1!4b1!4m6!3m5!1s0x31cfb24558fdaafb:0xfb84129aecc238a4!8m2!3d2.8350418!4d102.866084!16s%2Fg%2F11c209hbm7?entry=ttu
Trusan Palm Oil Mill,"Trusan Palm Oil Mill, Jalan Trusan, 98857 Lawas, Sarawak, Malaysia",,3,115.2666397,4.8291554,Mill,https://www.google.com/maps/place/data=!3m1!4b1!4m6!3m5!1s0x3222b895a43fda89:0xab225c2008a97565!8m2!3d4.8291554!4d115.2666397!16s%2Fg%2F11byl62s9x?entry=ttu
Tuan Mee Palm Oil Mill (Kilang Kelapa Sawit Tuan Mee),"Tuan Mee Palm Oil Mill (Kilang Kelapa Sawit Tuan Mee), Batu 24, Jln Kuala Selangor, Kepong, 47000 Sungai Buloh, Selangor, Malaysia",http://www.klk.com.my/,3.5,101.4627743,3.2650005,Mill,https://www.google.com/maps/place/data=!3m1!4b1!4m6!3m5!1s0x31cc5b8ef54fe16f:0xfd65fd00f830c72d!8m2!3d3.2650005!4d101.4627743!16s%2Fg%2F1tfc8pry?entry=ttu
Ulu Kanchong Palm Oil Mill,"10th Floor, Ulu Kanchong Palm Oil Mill, 15, Jalan Raja Chulan, Bukit Bintang, 50200 Kuala Lumpur, WP Kuala Lumpur, Malaysia",,3,101.699313,3.148318,Office,https://www.google.com/maps/place/data=!3m1!4b1!4m6!3m5!1s0x31cc49d3bb4bb2f1:0x9558177976f132a8!8m2!3d3.148318!4d101.699313!16s%2Fg%2F1tg9kmqx?entry=ttu
United Oil Palm Industries Sdn. Bhd.,"United Oil Palm Industries Sdn. Bhd., 878 Jalan Bandar Baru, Jalan Sungai Kechil, 14300 Nibong Tebal, Penang, Malaysia",,3.5,100.5082796,5.1551051,Mill,https://www.google.com/maps/place/data=!3m1!4b1!4m6!3m5!1s0x304ab1ea6ca2f44f:0x4dcad65a055124bd!8m2!3d5.1551051!4d100.5082796!16s%2Fg%2F11f55j7y4t?entry=ttu
Veetar Palm Oil Mill Sdn. Bhd.,"Veetar Palm Oil Mill Sdn. Bhd., Kinabatangan, Sabah, Malaysia",,2.5,116.9451291,5.3370689,Mill,https://www.google.com/maps/place/data=!3m1!4b1!4m6!3m5!1s0x323c3b7dfbac61a3:0xaa3c22fac6ba65d!8m2!3d5.3370689!4d116.9451291!16s%2Fg%2F11gd_wwmhg?entry=ttu
Veetar Palm Oil Mill Sdn. Bhd.,"Veetar Palm Oil Mill Sdn. Bhd., Kawasan 18, 41300 Klang, Selangor, Malaysia",,,101.4458303,3.0525581,Office,https://www.google.com/maps/place/data=!3m1!4b1!4m6!3m5!1s0x31cc5343305e87ed:0xc0c8a04c1a672fd3!8m2!3d3.0525581!4d101.4458303!16s%2Fg%2F11h_sl6v0l?entry=ttu
Yuwang Palm Oil Mill Sdn. Bhd.,"Yuwang Palm Oil Mill Sdn. Bhd., 62, Jalan Emas 7, Bandar Sungai Emas, 42700 Banting, Selangor, Malaysia",http://www.yuwang.com.my/webpages/history.asp,5,101.5355725,2.8245287,Office,https://www.google.com/maps/place/data=!3m1!4b1!4m6!3m5!1s0x31cdbb30acd0c47b:0xb98073152e7a6914!8m2!3d2.8245287!4d101.5355725!16s%2Fg%2F1wfvk533?entry=ttu
Ace Oil MIll,"Ace Oil MIll, 11, Felda Keratong 5, 26900 Bandar Tun Abdul Razak, Pahang, Malaysia",,3.6,102.7789675,2.9121952,Mill,https://www.google.com/maps/place/data=!3m1!4b1!4m6!3m5!1s0x31ce5319b748698f:0x6c088aef6cdcc4ea!8m2!3d2.9121952!4d102.7789675!16s%2Fg%2F11fxw8_7mc?entry=ttu
Adong Palm Oil Mill,"Adong Palm Oil Mill, Miri, Sarawak, Malaysia",,4,114.1190949,4.5413745,Mill,https://www.google.com/maps/place/data=!3m1!4b1!4m6!3m5!1s0x321f53608eb9d00f:0x83a764334c34a9d7!8m2!3d4.5413745!4d114.1190949!16s%2Fg%2F11f54scl60?entry=ttu
Ag Seven Palm Oil Sdn.Bhd.,"Ag Seven Palm Oil Sdn.Bhd., Plo 758, Jalan Keluli 3, Kawasan Perindustrian Pasir Gudang, Johor, 81700 Pasir Gudang, Malaysia",,5,103.9095608,1.4723465,Packaging company,https://www.google.com/maps/place/data=!3m1!4b1!4m6!3m5!1s0x31da3fe2c20c0723:0x95322830cd334e92!8m2!3d1.4723465!4d103.9095608!16s%2Fg%2F11byl1kr0b?entry=ttu
Alaf Palm Oil Mill,"Alaf Palm Oil Mill, 81000, Johor, Malaysia",,5,103.7816536,1.7195655,Mill,https://www.google.com/maps/place/data=!3m1!4b1!4m6!3m5!1s0x31da63992f103b79:0xcc9ab43ea3933b1d!8m2!3d1.7195655!4d103.7816536!16s%2Fg%2F11c1r68048?entry=ttu
Alambumi Palm Oil Mill Sdn Bhd,"Alambumi Palm Oil Mill Sdn Bhd, L1, Jalan Boulevard 1, Boulevard Commercial Centre, 98000 Miri, Sarawak, Malaysia",,3.8,114.0123438,4.4143787,Office,https://www.google.com/maps/place/data=!3m1!4b1!4m6!3m5!1s0x321f4ee7f6bd1abd:0x5f52410c3ec24b5a!8m2!3d4.4143787!4d114.0123438!16s%2Fg%2F1pzv1s809?entry=ttu
Al-Based Smart Palm Oil Mill,"Al-Based Smart Palm Oil Mill, Minsawi Industries Kuala Kangsar, 33500, Sauk, Kampung Chuar Hulu, 33020 Kuala Kangsar, Perak, Malaysia",,,100.9065536,4.9049532,Mill,https://www.google.com/maps/place/data=!3m1!4b1!4m6!3m5!1s0x31caa10046e045af:0x3ce598f717c7386f!8m2!3d4.9049532!4d100.9065536!16s%2Fg%2F11wvrlgx41?entry=ttu
Asia Palm Oil Mill,"Asia Palm Oil Mill, 90000 Kinabatangan, Sabah, Malaysia",,5,118.2068185,5.2927667,Mill,https://www.google.com/maps/place/data=!3m1!4b1!4m6!3m5!1s0x323f141e3a78df01:0x6c10e6c5e1840bef!8m2!3d5.2927667!4d118.2068185!16s%2Fg%2F11hbpzmywv?entry=ttu
Atlantica Palm Oil Mill Sdn Bhd.,"Atlantica Palm Oil Mill Sdn Bhd., 90100 Beluran, Sabah, Malaysia",,4,117.6855316,5.7140378,Mill,https://www.google.com/maps/place/data=!3m1!4b1!4m6!3m5!1s0x32393398f6e463cd:0xf46ee339349412ec!8m2!3d5.7140378!4d117.6855316!16s%2Fg%2F11fcqxz0xq?entry=ttu
Balingian Palm Oil Mill,"Balingian Palm Oil Mill, 96400 Mukah, Sarawak, Malaysia",,5,112.478897,2.9810943,Mill,https://www.google.com/maps/place/data=!3m1!4b1!4m6!3m5!1s0x31f62f794ba0cb99:0xdfddf4262e2e5db!8m2!3d2.9810943!4d112.478897!16s%2Fg%2F11rd02g56b?entry=ttu
"Balung Palm Oil Mill Sdn Bhd, Jalan Sg. Burung, Inderasabah","Balung Palm Oil Mill Sdn Bhd, Jalan Sg. Burung, Inderasabah, Jalan Sungai Burung, 91000 Tawau, Sabah, Malaysia",http://www.mkic.com.my/,4.3,118.1869981,4.3781911,Mill,https://www.google.com/maps/place/data=!3m1!4b1!4m6!3m5!1s0x321564123b86bd7f:0xb141c50dc25055dd!8m2!3d4.3781911!4d118.1869981!16s%2Fg%2F11bxdxhg53?entry=ttu
Ban Dung Palm Oil Mill,"Ban Dung Palm Oil Mill, Jalan Kangkar Senangar, 83500, Johor, Malaysia",,4.4,102.8801685,2.0461421,Mill,https://www.google.com/maps/place/data=!3m1!4b1!4m6!3m5!1s0x31d04b1a681f6d3d:0x48ceae913d746d8b!8m2!3d2.0461421!4d102.8801685!16s%2Fg%2F11gmy6vqy2?entry=ttu
Ban Hong Oil Mill,"Ban Hong Oil Mill, SD 13/2, Jalan Ipoh, Kawasan Perusahaan Menglembu, 31450 Menglembu, Perak, Malaysia",,5,101.0587994,4.5735772,Office,https://www.google.com/maps/place/data=!3m1!4b1!4m6!3m5!1s0x31caec183cbac677:0x1d1a1c5809d3f5b3!8m2!3d4.5735772!4d101.0587994!16s%2Fg%2F1tgnjkyy?entry=ttu
Batu Putih Palm Oil Mill,"Batu Putih Palm Oil Mill, 90000 Kinabatangan, Sabah, Malaysia",,3.4,117.9460953,5.5806444,Mill,https://www.google.com/maps/place/data=!3m1!4b1!4m6!3m5!1s0x323f29ed7cb714ad:0xec149ec17aae2c0e!8m2!3d5.5806444!4d117.9460953!16s%2Fg%2F11cs3q7b4q?entry=ttu
Baturong Palm Oil Mill,"Baturong Palm Oil Mill, 91100 Kunak, Sabah, Malaysia",,4.6,118.0890808,4.7542872,Mill,https://www.google.com/maps/place/data=!3m1!4b1!4m6!3m5!1s0x323fc82279ecafef:0xea150443476bcd97!8m2!3d4.7542872!4d118.0890808!16s%2Fg%2F11g8pd4z2q?entry=ttu
Bau Palm Oil Mill (BAPOM),"Bau Palm Oil Mill (BAPOM), KM25,Jalan Bau - Lundu, 94500 Lundu, Sarawak, 94500, Malaysia",,3.9,109.9844512,1.4889099,Mill,https://www.google.com/maps/place/data=!3m1!4b1!4m6!3m5!1s0x31fb158b6d1d84c5:0xf71bd4088e1d3748!8m2!3d1.4889099!4d109.9844512!16s%2Fg%2F11b6mr0kln?entry=ttu
Beaufort Palm Oil Mill (Ngin Kong Group),"Beaufort Palm Oil Mill (Ngin Kong Group), Km 98, Jalan Papar, 89807 Beaufort, Sabah, Malaysia",,4.5,115.7051439,5.3085633,Mill,https://www.google.com/maps/place/data=!3m1!4b1!4m6!3m5!1s0x323ccdb0c8f1e467:0x6cf15461058319c3!8m2!3d5.3085633!4d115.7051439!16s%2Fg%2F1pzy0sn_r?entry=ttu
BELL Palm Industries Sdn Bhd,"Lot 4960, BELL Palm Industries Sdn Bhd, Parit Ju, 83000, Johor, Malaysia",http://www.bell.com.my/,5,102.8929483,1.9160061,Mill,https://www.google.com/maps/place/data=!3m1!4b1!4m6!3m5!1s0x31d05222283f243d:0x533496df7f890c5f!8m2!3d1.9160061!4d102.8929483!16s%2Fg%2F11gh2wllfy?entry=ttu
BELL Sri Lingga Sdn Bhd (BSL),"BELL Sri Lingga Sdn Bhd (BSL), Batu 32, 78200 Kuala Sungai Baru, Melaka, Malaysia",http://www.bell.com.my/,4,101.9852387,2.3773567,Mill,https://www.google.com/maps/place/data=!3m1!4b1!4m6!3m5!1s0x31d200d474ac0ea1:0x5c78e4d199426293!8m2!3d2.3773567!4d101.9852387!16s%2Fg%2F11bc8cpknh?entry=ttu
Berkat Setia Oil Palm Mill,"W.D.T. 514, 90009, Berkat Setia Oil Palm Mill, 90100 Sandakan, Sabah, Malaysia",https://www.npc.com.my/,5,117.6202118,5.7106375,Oil refinery,https://www.google.com/maps/place/data=!3m1!4b1!4m6!3m5!1s0x32393492b5db43f7:0x11c41176899d013e!8m2!3d5.7106375!4d117.6202118!16s%2Fg%2F11gfm248r0?entry=ttu
BLD Igan Palm Oil Mill,"BLD Igan Palm Oil Mill, Sibu, Sarawak, Malaysia",,4.3,111.7896536,2.4056083,Mill,https://www.google.com/maps/place/data=!3m1!4b1!4m6!3m5!1s0x31f779bcd8db9447:0x1961a8a9cf050407!8m2!3d2.4056083!4d111.7896536!16s%2Fg%2F11f387_f5s?entry=ttu
BLD Sawai Palm Oil Mill,"BLD Sawai Palm Oil Mill, Lot 40, Sawai Land District, Niah, Sarawak, Malaysia",https://www.bldpb.com.my/,4.3,113.8381782,3.575713,Mill,https://www.google.com/maps/place/data=!3m1!4b1!4m6!3m5!1s0x321ebcb4fb2f6e11:0x9a7b1bc37b8333d8!8m2!3d3.575713!4d113.8381782!16s%2Fg%2F11ddzlznb2?entry=ttu
Borneo Agro-Resources Palm Oil Mill,"Borneo Agro-Resources Palm Oil Mill, Sebauh, Sarawak, Malaysia",,5,113.4265792,3.2762733,Mill,https://www.google.com/maps/place/data=!3m1!4b1!4m6!3m5!1s0x321c3288f34db7d3:0x62cde7440adcf705!8m2!3d3.2762733!4d113.4265792!16s%2Fg%2F11hczx8lz2?entry=ttu
Boustead Rimba Nilai Palm Oil mill,"Boustead Rimba Nilai Palm Oil mill, 89100 Beluran, Sabah, Malaysia",,4.9,117.3131332,6.2577366,Mill,https://www.google.com/maps/place/data=!3m1!4b1!4m6!3m5!1s0x32397909a1ee55e1:0x3fc318c57f9f3cc0!8m2!3d6.2577366!4d117.3131332!16s%2Fg%2F11cnbp85c8?entry=ttu
Boustead Tawai Palm Oil Mill,"Boustead Tawai Palm Oil Mill, BATU 77, JALAN LABUK LOCKED BAG NO.69, 90009 Sandakan, Sabah, Malaysia",,5,117.3292968,5.6483291,Mill,https://www.google.com/maps/place/data=!3m1!4b1!4m6!3m5!1s0x323ead3421a3d8a7:0x63c606a8eb834427!8m2!3d5.6483291!4d117.3292968!16s%2Fg%2F11hz49n8z7?entry=ttu
BUKIT JALIL KERATONG OIL PALM PLANTATIONS SDN BHD,"BUKIT JALIL KERATONG OIL PALM PLANTATIONS SDN BHD, KOTA SHAHBANDAR, 26900 Bandar Tun Razak, Pahang, Malaysia",,4.8,102.7616853,2.8676141,Farm,https://www.google.com/maps/place/data=!3m1!4b1!4m6!3m5!1s0x31ce531516261759:0x5832e12f75d21d12!8m2!3d2.8676141!4d102.7616853!16s%2Fg%2F11fmgb78y2?entry=ttu
Bukit Lawiang Palm Oil Mill,"Bukit Lawiang Palm Oil Mill, Renggam, Johor, Malaysia",,3,103.4347833,1.9657425,Mill,https://www.google.com/maps/place/data=!3m1!4b1!4m6!3m5!1s0x31d070db93b00ff7:0xc9fe5620d9dd2b22!8m2!3d1.9657425!4d103.4347833!16s%2Fg%2F11g6_39yff?entry=ttu
Bukit Mas Palm Oil Mill (Hap Seng Plantations River Estates Sdn Bhd),"Bukit Mas Palm Oil Mill (Hap Seng Plantations River Estates Sdn Bhd), Kinabatangan, Sabah, Malaysia",,4.3,118.4736141,5.3365761,Mill,https://www.google.com/maps/place/data=!3m1!4b1!4m6!3m5!1s0x323f681d237e77e3:0x234df9154f4ea81d!8m2!3d5.3365761!4d118.4736141!16s%2Fg%2F11dylrm9yd?entry=ttu
Cargill Palm Products,"Cargill Palm Products, Kawasan Industri Gebeng, 26100 Kuantan, Pahang, Malaysia",,5,103.3914397,3.975607,Oil refinery,https://www.google.com/maps/place/data=!3m1!4b1!4m6!3m5!1s0x31c89868ebc14f65:0x69a64c56f30124e3!8m2!3d3.975607!4d103.3914397!16s%2Fg%2F11c1vf0555?entry=ttu
Cargill Palm Products Sdn Bhd,"Cargill Palm Products Sdn Bhd, Port Klang Free Zone, Cargill Palm Products Sdn Bhd Company Registration No. 197901001211 (45493-W) Precinct 8, Jalan FZ1-P8, KS 12, 42920 Pulau Indah, Selangor, Malaysia",,4.6,101.3116822,2.915973,Oil refinery,https://www.google.com/maps/place/data=!3m1!4b1!4m6!3m5!1s0x31cd07a674f5d507:0x762f36e7d2856d99!8m2!3d2.915973!4d101.3116822!16s%2Fg%2F11byflm4kd?entry=ttu
Cenderawasih Palm Oil Mill,"Cenderawasih Palm Oil Mill, BLOK 12, BANDAR CENDERAWASIH, 26700 Muadzam Shah, Pahang, Malaysia",,2,102.9636189,2.7789076,Mill,https://www.google.com/maps/place/data=!3m1!4b1!4m6!3m5!1s0x31cfa902ea70aba5:0x25388a13bb63380e!8m2!3d2.7789076!4d102.9636189!16s%2Fg%2F11rwvcm42m?entry=ttu
Chenor Palm Oil Mill,"Chenor Palm Oil Mill, Sungai Jerik, 26409 Bandar Tun Razak, Pahang, Malaysia",,5,102.6359743,3.784601,Farm,https://www.google.com/maps/place/data=!3m1!4b1!4m6!3m5!1s0x31c92fc5aaaaaaab:0x247846d7e5291501!8m2!3d3.784601!4d102.6359743!16s%2Fg%2F1pzwbg25y?entry=ttu
CHIN TECK PALM OIL MILL,"CHIN TECK PALM OIL MILL, Bukit Ibam, 26700 Muadzam Shah, Pahang, Malaysia",,4.1,102.8216755,3.2939613,Mill,https://www.google.com/maps/place/data=!3m1!4b1!4m6!3m5!1s0x31cf05457d818535:0x28cadf211fa374ab!8m2!3d3.2939613!4d102.8216755!16s%2Fg%2F11b6gm85bg?entry=ttu
Choon Guan Oil Palm & Trading Co,"Choon Guan Oil Palm & Trading Co, PTD 11953, Batu 34, Jalan kulai Air Hitam, 81020, 81000 Kulai, Johor, Malaysia",,5,103.429832,1.7408335,Mill,https://www.google.com/maps/place/data=!3m1!4b1!4m6!3m5!1s0x31d087eab5ca9b5b:0xa3f0bc4f0c805865!8m2!3d1.7408335!4d103.429832!16s%2Fg%2F11h0j1hvq3?entry=ttu
Coronation Palm Oil Mill,"Coronation Palm Oil Mill, Lot 835, Batu 3, Jalan Batu Pahat,, 86000, Kluang, Johor, 86000, Malaysia",,4.1,103.2668763,2.0231573,Mill,https://www.google.com/maps/place/data=!3m1!4b1!4m6!3m5!1s0x31d06eb25e12adbf:0xd8e417f5b9b26c47!8m2!3d2.0231573!4d103.2668763!16s%2Fg%2F1xgrkgdw?entry=ttu
Dara Lam Soon Oil Mill,"5547+HC Dara Lam Soon Oil Mill, Muadzam Shah, Pahang, Malaysia",,4,103.163575,3.156451,Mill,https://www.google.com/maps/place/data=!3m1!4b1!4m6!3m5!1s0x31cf0d002630cd95:0x8216d0c0b3051247!8m2!3d3.156451!4d103.163575!16s%2Fg%2F11vwdxpxq4?entry=ttu
DD PALM OIL MILL SDN BHD,"DD PALM OIL MILL SDN BHD, Lot 26'3, Jalan Sebauh, Sebauh, Malaysia",,4.4,113.3096483,3.1431645,Mill,https://www.google.com/maps/place/data=!3m1!4b1!4m6!3m5!1s0x321dca0adeefe05f:0xa07e31c59c0f3c26!8m2!3d3.1431645!4d113.3096483!16s%2Fg%2F11bw20v8tp?entry=ttu
Delima Oil Products Sdn Bhd,"Delima Oil Products Sdn Bhd, Wisma FGV, Jln Raja Laut, Kuala Lumpur City Centre, 50350 Kuala Lumpur, Federal Territory of Kuala Lumpur, Malaysia",http://www.fgvdelima.com/,4.4,101.6950683,3.1616628,Office,https://www.google.com/maps/place/data=!3m1!4b1!4m6!3m5!1s0x31cc37dcdeca4637:0x9251be3abb60bbc8!8m2!3d3.1616628!4d101.6950683!16s%2Fg%2F1td7f71y?entry=ttu
"Diamond Jubilee Oil Mill, SD Guthrie","Diamond Jubilee Oil Mill, SD Guthrie, Diamond Jubilee Oil Mill, Karung Berkunci 1712, 77000 Jasin, Malacca, Malaysia",https://www.sdguthrie.com/,4.2,102.4829405,2.3247791,Mill,https://www.google.com/maps/place/data=!3m1!4b1!4m6!3m5!1s0x31d1ee8629b42639:0x8976da0b07335d5d!8m2!3d2.3247791!4d102.4829405!16s%2Fg%2F1ptyt726m?entry=ttu
Dominion Square Palm Oil Mill,"Dominion Square Palm Oil Mill, 26600 Gambang, Pahang, Malaysia",,5,103.1605914,3.62014,Mill,https://www.google.com/maps/place/data=!3m1!4b1!4m6!3m5!1s0x31cf356f3a7bdee5:0xcab3fcca05d0f4ec!8m2!3d3.62014!4d103.1605914!16s%2Fg%2F11f5h8hnbr?entry=ttu
Dumpas Palm Oil Mill,"Dumpas Palm Oil Mill, KM 44, Jalan Tawau - Kalabakan, Tawau, Sabah, Malaysia",,5,117.7059349,4.5346817,Mill,https://www.google.com/maps/place/data=!3m1!4b1!4m6!3m5!1s0x323e2643babcf96d:0x34ec47b899bc7d4d!8m2!3d4.5346817!4d117.7059349!16s%2Fg%2F11dx8_lb6y?entry=ttu
Eco Palm International Sdn Bhd,"Eco Palm International Sdn Bhd, IB Tower, 8, Lrg Binjai, Kuala Lumpur, 50450 Kuala Lumpur, Federal Territory of Kuala Lumpur, Malaysia",https://eco-palm-international.com/,4.5,101.7188393,3.1588178,Office,https://www.google.com/maps/place/data=!3m1!4b1!4m6!3m5!1s0x31cc4975ef4fd6bb:0xd459ae2b2ae5dd26!8m2!3d3.1588178!4d101.7188393!16s%2Fg%2F11h6t_hb5z?entry=ttu
Empresa Palm Oil Mill Sdn. Bhd.,"98150, Empresa Palm Oil Mill Sdn. Bhd., Unnamed Road, 98150 Miri, Sarawak, Malaysia",,5,114.0292479,3.8220864,Mill,https://www.google.com/maps/place/data=!3m1!4b1!4m6!3m5!1s0x321ecf47f6d7264b:0x25a273be520aa108!8m2!3d3.8220864!4d114.0292479!16s%2Fg%2F11mhdn93vh?entry=ttu
Felda Nilam Permata Palm Oil Mill,"Felda Nilam Permata Palm Oil Mill, Unnamed Rd, Kinabatangan, Sabah, Malaysia",,5,119.0085372,5.2926268,Mill,https://www.google.com/maps/place/data=!3m1!4b1!4m6!3m5!1s0x3240950d4af16b85:0xd36cb0f24f0577a3!8m2!3d5.2926268!4d119.0085372!16s%2Fg%2F11bzx5g5n8?entry=ttu
Felda Palm Industries Sdn. Bhd.,"Felda Palm Industries Sdn. Bhd., Jalan Gua Musang-kuala Krai, 18300, Kelantan, Malaysia",,4.3,102.2030868,4.9428324,Oil refinery,https://www.google.com/maps/place/data=!3m1!4b1!4m6!3m5!1s0x31c9fd813267bf13:0x981c030b079106a6!8m2!3d4.9428324!4d102.2030868!16s%2Fg%2F1td2jzxc?entry=ttu
FGV Tanah Emas Mill palm oil,"FGV Tanah Emas Mill palm oil, Unnamed Road, 89100, 89100 Beluran, Sabah, Malaysia",,3.8,117.2945321,5.6477493,Mill,https://www.google.com/maps/place/data=!3m1!4b1!4m6!3m5!1s0x323eac419add47f7:0xbdfec70be581e449!8m2!3d5.6477493!4d117.2945321!16s%2Fg%2F11hcz19nyq?entry=ttu
FGVPISB Kilang Sawit Mempaga,"FGVPISB Kilang Sawit Mempaga, Mempaga 1, 28600 Bentong, Pahang, Malaysia",,4.3,101.9789939,3.5263805,Mill,https://www.google.com/maps/place/data=!3m1!4b1!4m6!3m5!1s0x31cc049e4807cb87:0x896cc21900dcf580!8m2!3d3.5263805!4d101.9789939!16s%2Fg%2F11g9dcq9ll?entry=ttu
FGVPISB Palm Oil Mill Seroja,"FGVPISB Palm Oil Mill Seroja, FGV Palm Industries, Kilang Sawit Seroja, Felda Seroja Jengka 18, 26400 Bandar Tun Razak, Pahang, Malaysia",,4.6,102.5590892,3.5904708,Mill,https://www.google.com/maps/place/data=!3m1!4b1!4m6!3m5!1s0x31cecc395a552e6b:0xd52387ef071a052d!8m2!3d3.5904708!4d102.5590892!16s%2Fg%2F11f3yj7bt2?entry=ttu
Fortuna Palm Oil Mill,"Fortuna Palm Oil Mill, 89100 Beluran, Sabah, Malaysia",,4.3,117.2196001,6.0464013,Mill,https://www.google.com/maps/place/data=!3m1!4b1!4m6!3m5!1s0x323961aa8fb49497:0xeee2347a79fd6740!8m2!3d6.0464013!4d117.2196001!16s%2Fg%2F11ggrkctzh?entry=ttu
FPISB Kilang Sawit Penggeli,"FPISB Kilang Sawit Penggeli, Felda Palm Industries Sdn Bhd, Kilang Sawit Penggeli, 81440 Bandar Tenggara, Johor, Malaysia, 81000, Malaysia",,3.6,103.6395021,1.8275949,Oil refinery,https://www.google.com/maps/place/data=!3m1!4b1!4m6!3m5!1s0x31da86d28764e269:0xa1c9f1417e51e630!8m2!3d1.8275949!4d103.6395021!16s%2Fg%2F11b6c5v7vg?entry=ttu
Galasah Palm Oil Mill,"Galasah Palm Oil Mill, Kampung Sugon, 98200 Miri, Sarawak, Malaysia",,5,113.6620201,3.6112138,Oil refinery,https://www.google.com/maps/place/data=!3m1!4b1!4m6!3m5!1s0x321e915d5f20193d:0x8d68eaacb809cea6!8m2!3d3.6112138!4d113.6620201!16s%2Fg%2F11vdqbcqg4?entry=ttu
Gayanis Palm Oil Mill,"Gayanis Palm Oil Mill, lot block 45, 1, Kampung Sungai Serai, Malaysia",,4.8,113.6747054,3.3584888,Mill,https://www.google.com/maps/place/data=!3m1!4b1!4m6!3m5!1s0x321c2156a3241863:0x8ca705a5805e6710!8m2!3d3.3584888!4d113.6747054!16s%2Fg%2F11h9xpj257?entry=ttu
Genting Indah Palm Oil Mill,"Genting Indah Palm Oil Mill, Sabah, Malaysia",,4.4,116.9355633,5.3752908,Oil refinery,https://www.google.com/maps/place/data=!3m1!4b1!4m6!3m5!1s0x323c3c552675440f:0xafe8344fb34b1578!8m2!3d5.3752908!4d116.9355633!16s%2Fg%2F11hc912jzr?entry=ttu
Genting Sabapalm Palm Oil Mill,"Genting Sabapalm Palm Oil Mill, Peti Surat 901 Sandakan, 90710, Sabah, Malaysia",http://www.gentingplantations.com/,4.7,117.3738394,5.9645587,Mill,https://www.google.com/maps/place/data=!3m1!4b1!4m6!3m5!1s0x323942d9c353cd4b:0xa1e6322289cb3fd9!8m2!3d5.9645587!4d117.3738394!16s%2Fg%2F11cs3zqyqn?entry=ttu
Golden Elate Oil Palm Mill,"Golden Elate Oil Palm Mill, Lot 66, Shoplot 18, Second Floor, Block G, Ruang Singgah Mata, Asia City, 88000, Kota Kinabalu, Sabah, 88000, Malaysia",,,116.073983,5.976443,Office,https://www.google.com/maps/place/data=!3m1!4b1!4m6!3m5!1s0x323b6990d540b65b:0x59592c6e8c682caf!8m2!3d5.976443!4d116.073983!16s%2Fg%2F1thvdg3k?entry=ttu
GUNUNG MAS PALM OIL MILL,"GUNUNG MAS PALM OIL MILL, KKS Gunung Mas, K/B No. 524, 86009 Kluang, Johor, Malaysia",https://www.sdguthrie.com/,4,103.1389007,2.242779,Mill,https://www.google.com/maps/place/data=!3m1!4b1!4m6!3m5!1s0x31d022d294fcff41:0x1952265737dbd4cc!8m2!3d2.242779!4d103.1389007!16s%2Fg%2F11dftpfkg8?entry=ttu
HADAPAN PALM OIL MILL,"HADAPAN PALM OIL MILL, Jln Hadapan Estate, 81850 Layang-Layang, Johor, Malaysia",,,103.4482055,1.7626063,Mill,https://www.google.com/maps/place/data=!3m1!4b1!4m6!3m5!1s0x31d087358014fd63:0x7405c2b470e3e34f!8m2!3d1.7626063!4d103.4482055!16s%2Fg%2F11dftwm40n?entry=ttu
Haranky Palm Oil Mill,"Haranky Palm Oil Mill, Unnamed Road, 90000 Kinabatangan, Sabah, Malaysia",,1,118.0644226,5.2129912,Mill,https://www.google.com/maps/place/data=!3m1!4b1!4m6!3m5!1s0x323f1b2a13e10a05:0xd7886eb47af5cde1!8m2!3d5.2129912!4d118.0644226!16s%2Fg%2F11fxzmnjtm?entry=ttu
Hass Palm Oil Mill,"Hass Palm Oil Mill, Unnamed Road, Miri, Sarawak, Malaysia",,5,113.8997829,3.5388628,Mill,https://www.google.com/maps/place/data=!3m1!4b1!4m6!3m5!1s0x321ea4f94c2fb62b:0xeb184f5987bf0b43!8m2!3d3.5388628!4d113.8997829!16s%2Fg%2F11f32_468s?entry=ttu
Hok Huat Oil Mill Sdn. Bhd.,"No. PLO, Hok Huat Oil Mill Sdn. Bhd., 498, Jalan Emas 2, Kawasan Perindustrian Pasir Gudang, 81700 Pasir Gudang, Johor, Malaysia",,5,103.8914411,1.4549531,Mill,https://www.google.com/maps/place/data=!3m1!4b1!4m6!3m5!1s0x31da153ff59c98c3:0x45e2106c42ee86b6!8m2!3d1.4549531!4d103.8914411!16s%2Fg%2F11bylbch8w?entry=ttu
Innovans Palm Industries Sdn Bhd,"Innovans Palm Industries Sdn Bhd, Lot 11918 Jalan Ikan Bawal, Kampung Telok Gong, 41200 Pelabuhan Klang, Selangor, Malaysia",http://www.innovans.my/,3.7,101.381498,2.957644,Office,https://www.google.com/maps/place/data=!3m1!4b1!4m6!3m5!1s0x31cda98742eaba55:0xbd0e39a97bbaf01c!8m2!3d2.957644!4d101.381498!16s%2Fg%2F11bycjnwf5?entry=ttu
IOI Pamol Sabah (Palm Oil Mill),"IOI Pamol Sabah (Palm Oil Mill), 89100 Beluran, Sabah, Malaysia",,4.1,117.3980315,6.0016822,Mill,https://www.google.com/maps/place/data=!3m1!4b1!4m6!3m5!1s0x3239682895d9a5cb:0xbc558eb5599246e2!8m2!3d6.0016822!4d117.3980315!16s%2Fg%2F11b6httts4?entry=ttu
Jeram Padang Palm Oil Mill,"Jeram Padang Palm Oil Mill, 1, KKS Jeram Padang, Negeri Sembilan, 72100 Bahau, Malaysia",,5,102.4083415,2.7349762,Mill,https://www.google.com/maps/place/data=!3m1!4b1!4m6!3m5!1s0x31ce69748a0614db:0x72a0c1d997b5cab4!8m2!3d2.7349762!4d102.4083415!16s%2Fg%2F11bymxj6h2?entry=ttu
Johore Tenggara Oil Palm Bhd,"Johore Tenggara Oil Palm Bhd, No.7, B, Jalan 5/65c Off Jln Pahang Barat Pekeliling Business Centre, Wilayah Persekutuan, 53000 Kuala Lumpur, Malaysia",http://www.tpb.com.my/,4,101.6967595,3.1759144,Office,https://www.google.com/maps/place/data=!3m1!4b1!4m6!3m5!1s0x31cc481b59e9b3af:0xe5817d43bf85e71d!8m2!3d3.1759144!4d101.6967595!16s%2Fg%2F1pzs3j0w8?entry=ttu
Kahang Palm Oil Mill,"Kahang Palm Oil Mill, Kahang, Johor, Malaysia",,4.1,103.4375973,2.3428254,Mill,https://www.google.com/maps/place/data=!3m1!4b1!4m6!3m5!1s0x31d003c51cfc62d5:0xaff9d60e627e7269!8m2!3d2.3428254!4d103.4375973!16s%2Fg%2F11g6r1jpz4?entry=ttu
Keck Seng Oil Palm Estate,"Keck Seng Oil Palm Estate, 81700, Johor, Malaysia",,5,103.9636154,1.5399279,Mill,https://www.google.com/maps/place/data=!3m1!4b1!4m6!3m5!1s0x31da41844b5d2b0b:0xf34d89053698c271!8m2!3d1.5399279!4d103.9636154!16s%2Fg%2F11tjkhq57p?entry=ttu
Kema Palm Oil Mill,"Kema Palm Oil Mill, Gambang, Pahang, Malaysia",,4,102.8881893,3.7298702,Mill,https://www.google.com/maps/place/data=!3m1!4b1!4m6!3m5!1s0x31c8d6a8378f1311:0xf82e3a5243bd6745!8m2!3d3.7298702!4d102.8881893!16s%2Fg%2F11c328340g?entry=ttu
Kerdau Palm Oil Mill,"Kerdau Palm Oil Mill, Wakil Pos Kerdau, SD Guthrie Berhad, Kerdau Palm Oil Mill, 28010 Temerloh, Pahang, Malaysia",https://www.sdguthrie.com/,,102.2801704,3.5703727,Mill,https://www.google.com/maps/place/data=!3m1!4b1!4m6!3m5!1s0x31ceb14d0900526b:0x6de18d83a458ca0b!8m2!3d3.5703727!4d102.2801704!16s%2Fg%2F11ycc64hvb?entry=ttu
Keresa Bintulu Palm Oil Mill Estate,"Keresa Bintulu Palm Oil Mill Estate, Unnamed Road, Bintulu, Sarawak, Malaysia",,2.8,113.6001975,3.1639124,Mill,https://www.google.com/maps/place/data=!3m1!4b1!4m6!3m5!1s0x321c3848fb78c827:0x460c7a2d9f947698!8m2!3d3.1639124!4d113.6001975!16s%2Fg%2F11dfjz243b?entry=ttu
Kilang Bornion palm Oil Mill,"Kilang Bornion palm Oil Mill, 90000 Kinabatangan, Sabah, Malaysia",,4.2,117.7887965,5.6085967,Mill,https://www.google.com/maps/place/data=!3m1!4b1!4m6!3m5!1s0x323ed3cdecf3bc13:0x569a30a0c16d64b0!8m2!3d5.6085967!4d117.7887965!16s%2Fg%2F11c1p8mv9s?entry=ttu
"Kilang Kelapa Sawit Bintang (BELL Palm Resources Sdn Bhd, BPR)","Kilang Kelapa Sawit Bintang (BELL Palm Resources Sdn Bhd, BPR), TST No 3, Batu 6 1/2, Jalan Paloh - Yong Peng, 86609 Paloh, Johor Darul Ta'zim, Malaysia",http://www.bell.com.my/,5,103.1232809,2.158618,Mill,https://www.google.com/maps/place/data=!3m1!4b1!4m6!3m5!1s0x31d06d0ae8e1f0fb:0xff8e378fd86bfbd8!8m2!3d2.158618!4d103.1232809!16s%2Fg%2F11r10klp3f?entry=ttu
Kilang Kelapa Sawit Sg. Jernih,"Kilang Kelapa Sawit Sg. Jernih, KM 71, Lbh Persiaran Tun Khalil Yaakob, 26650 Pekan, Pahang, Malaysia",,4.1,103.1001892,3.3378431,Mill,https://www.google.com/maps/place/data=!3m1!4b1!4m6!3m5!1s0x31cf3e1977e0a099:0x847ab613e7c20e7e!8m2!3d3.3378431!4d103.1001892!16s%2Fg%2F11c6rxsgzg?entry=ttu
Kilang Kosfarm Sdn Bhd - Palm Oil Mill,"Kilang Kosfarm Sdn Bhd - Palm Oil Mill, Jalan Kota Bahagia - Melati, 26700 Muadzam Shah, Pahang, Malaysia",,3.9,102.821288,2.994823,Mill,https://www.google.com/maps/place/data=!3m1!4b1!4m6!3m5!1s0x31cfaac44029ff9d:0xc9a0d49e55c64b81!8m2!3d2.994823!4d102.821288!16s%2Fg%2F11f08x9kjd?entry=ttu
Kilang Sawira Makmur Sdn. Bhd.,"Kilang Sawira Makmur Sdn. Bhd., Muadzam Shah, Pahang, Malaysia",,4.4,103.0921956,2.9673005,Mill,https://www.google.com/maps/place/data=!3m1!4b1!4m6!3m5!1s0x31cfa1306b52667f:0x1368189e7de679bc!8m2!3d2.9673005!4d103.0921956!16s%2Fg%2F11b6gnknkr?entry=ttu
Kilang Sawit Bukit Bandi,"Kilang Sawit Bukit Bandi, Jalan Jerangau - Jabor Penghantar 1, 24000 Chukai, Terengganu, Malaysia",,4.5,103.2184012,4.1396951,Mill,https://www.google.com/maps/place/data=!3m1!4b1!4m6!3m5!1s0x31c88d3de803b537:0x972a5061023e6b16!8m2!3d4.1396951!4d103.2184012!16s%2Fg%2F11g_yffnf5?entry=ttu
Kilang Sawit Chalok,"Kilang Sawit Chalok, 21010 Chalok, Terengganu, Malaysia",https://m.facebook.com/pages/Di-kilang-sawit-chalok-setiu-terengganu/381337052278242,4.2,102.7835006,5.4550871,Mill,https://www.google.com/maps/place/data=!3m1!4b1!4m6!3m5!1s0x31b652e7fc415bd5:0x94678bae5c282466!8m2!3d5.4550871!4d102.7835006!16s%2Fg%2F11b6p0gbfw?entry=ttu
Kilang Sawit Charuk Puting,"Kilang Sawit Charuk Puting, No, Kampung Pamah Kasih, 28000 Temerloh, Pahang, Malaysia",,4.1,102.4909377,3.4397556,Mill,https://www.google.com/maps/place/data=!3m1!4b1!4m6!3m5!1s0x31cec6e4dfc7e5f9:0xa529396663059f9e!8m2!3d3.4397556!4d102.4909377!16s%2Fg%2F11bv6pd9k2?entry=ttu
Kilang Sawit Kemahang,"Kilang Sawit Kemahang, Jalan Felda Kemahang, 17510 Tanah Merah, Kelantan, Malaysia",,3.4,102.0055072,5.8649439,Mill,https://www.google.com/maps/place/data=!3m1!4b1!4m6!3m5!1s0x31b426cacb274255:0x1cc03f68a641eb92!8m2!3d5.8649439!4d102.0055072!16s%2Fg%2F11bxg0wqbn?entry=ttu
Kilang Sawit Kota Bahagia,"Kilang Sawit Kota Bahagia, Kota Bahagia, 26900 Bandar Tun Abdul Razak, Pahang, Malaysia",,4.1,102.9276319,2.9855687,Mill,https://www.google.com/maps/place/data=!3m1!4b1!4m6!3m5!1s0x31cfa9a418f2c8dd:0xe6aab6fdf79b517f!8m2!3d2.9855687!4d102.9276319!16s%2Fg%2F11g729kl75?entry=ttu
Kilang Sawit Lembing Sdn Bhd,"Kilang Sawit Lembing Sdn Bhd, Kampung Kolek, 26200 Sungai Lembing, Pahang, Malaysia",,4.4,103.0995122,3.8925376,Mill,https://www.google.com/maps/place/data=!3m1!4b1!4m6!3m5!1s0x31c8c16a5a2ccf4f:0xc8b6493b1e47d1aa!8m2!3d3.8925376!4d103.0995122!16s%2Fg%2F11b69bm2z0?entry=ttu
Kilang Sawit Liquid Palm Miller,"Kilang Sawit Liquid Palm Miller, 4, 4, 17600 Jeli, Kelantan, Malaysia",http://www.ikhasas.com/core-business/palm-oil,3.9,101.805945,4.87233,Mill,https://www.google.com/maps/place/data=!3m1!4b1!4m6!3m5!1s0x31ca09532e509a4d:0xbc5ae35e98b12d99!8m2!3d4.87233!4d101.805945!16s%2Fg%2F11cs6lmwcj?entry=ttu
Kilang Sawit LKPP Corporation Sdn Bhd,"Kilang Sawit LKPP Corporation Sdn Bhd, KM 43 1/2, Lebuhraya Tun Razak,, 26300, Gambang, Pahang, 26300, Malaysia",,4,103.082817,3.5922632,Mill,https://www.google.com/maps/place/data=!3m1!4b1!4m6!3m5!1s0x31c8cbcd97630c6f:0xa18629c0abe30c8b!8m2!3d3.5922632!4d103.082817!16s%2Fg%2F1tfg9r04?entry=ttu
Kilang Sawit LPM (Liquid Palm Miller Sdn Bhd),"Kilang Sawit LPM (Liquid Palm Miller Sdn Bhd), Ladang, 18300 Gua Musang, Kelantan, Malaysia",https://www.ikhasas.com/core-business/plantation3,4,101.8052837,4.8735079,Mill,https://www.google.com/maps/place/data=!3m1!4b1!4m6!3m5!1s0x31ca095f8479b5a3:0x878678deeb6e822!8m2!3d4.8735079!4d101.8052837!16s%2Fg%2F11nsv6w2by?entry=ttu
Kilang Sawit Neram,"Kilang Sawit Neram, Jalan Bukit Kuantan, Felda Neram Satu, 24000 Chukai, Terengganu, Malaysia",,5,103.2889467,4.0050973,Mill,https://www.google.com/maps/place/data=!3m1!4b1!4m6!3m5!1s0x31c8968b51e42409:0xf2cfa52b751e1440!8m2!3d4.0050973!4d103.2889467!16s%2Fg%2F11b7l3_5mk?entry=ttu
Kilang Sawit Panji Alam Sdn Bhd,"Kilang Sawit Panji Alam Sdn Bhd, Jalan Jerangau - Jabor Penghantar 2, 24000 Chukai, Terengganu, Malaysia",,5,103.3493016,4.3768147,Mill,https://www.google.com/maps/place/data=!3m1!4b1!4m6!3m5!1s0x31c86491553b13d7:0x1c7a9d5c43581f01!8m2!3d4.3768147!4d103.3493016!16s%2Fg%2F11crz_0wxm?entry=ttu
Kilang Sawit Siang,"Kilang Sawit Siang, Jalan Ladang Siang - Tanjung Balau, 81930 Bandar Penawar, Johor, Malaysia",https://phworldpalmoil.com.my/,3,104.2188186,1.6329699,Mill,https://www.google.com/maps/place/data=!3m1!4b1!4m6!3m5!1s0x31da5272947a8ca7:0x56f4599518ecb948!8m2!3d1.6329699!4d104.2188186!16s%2Fg%2F11c1r2jg0f?entry=ttu
KILANG SAWIT TAPIS,"KILANG SAWIT TAPIS, 17610 Jeli, Kelantan, Malaysia",,5,101.935174,5.5067381,Mill,https://www.google.com/maps/place/data=!3m1!4b1!4m6!3m5!1s0x31b5d12710cef4b7:0x905f2b3b18920323!8m2!3d5.5067381!4d101.935174!16s%2Fg%2F11mqymnszh?entry=ttu
Kilang Wawasan Sedar Palm Oil Mill,"Kilang Wawasan Sedar Palm Oil Mill, Shahida Commercial Centre, 97000 Bintulu, Sarawak, Malaysia",,,113.04192,3.1713478,Mill,https://www.google.com/maps/place/data=!3m1!4b1!4m6!3m5!1s0x321dc1c361af8629:0xc871306ee83e2b0f!8m2!3d3.1713478!4d113.04192!16s%2Fg%2F11f6ycy08n?entry=ttu
Kim Loong Palm Oil Mills Sdn Bhd,"Kim Loong Palm Oil Mills Sdn Bhd, Jalan Mawai Batu 7 Stor Kilang Sawit Kim Loong, 81900, 81900, Johor, Malaysia",,4.3,103.9622506,1.8080367,Mill,https://www.google.com/maps/place/data=!3m1!4b1!4m6!3m5!1s0x31da608f98933613:0x9510fd4d5ce14f0e!8m2!3d1.8080367!4d103.9622506!16s%2Fg%2F1ptyssfl_?entry=ttu
Kim Ma Oil Palm (Transport) Sdn. Bhd.,"Kim Ma Oil Palm (Transport) Sdn. Bhd., No. 8888, Jalan Kemayan-Triang, 28380 Kemayan, Pahang, Malaysia",,4.6,102.3720634,3.1433748,Office,https://www.google.com/maps/place/data=!3m1!4b1!4m6!3m5!1s0x31ce8c4dc104b1df:0x1b30dabb12e9e589!8m2!3d3.1433748!4d102.3720634!16s%2Fg%2F1pzxt8y2p?entry=ttu
Kirana Palm Oil Refinery Sdn. Bhd.,"Kirana Palm Oil Refinery Sdn. Bhd., 21, Jalan Tanjung Kidurong, Bintulu, 97010 Tanjung Kidurong, Sarawak, Malaysia",,4.5,113.082615,3.2541217,Oil refinery,https://www.google.com/maps/place/data=!3m1!4b1!4m6!3m5!1s0x321dc39c916eca71:0x2902609d908fb703!8m2!3d3.2541217!4d113.082615!16s%2Fg%2F11gd1rxvz2?entry=ttu
KKS Tanah Merah Oil Mill • SD Guthrie,"45, KKS Tanah Merah Oil Mill • SD Guthrie, P.O.Box, Kilang Kelapa Sawit, Tanah Merah, 71007 Port Dickson, Negeri Sembilan, Malaysia",https://www.sdguthrie.com/,4.1,101.7928261,2.6556916,Mill,https://www.google.com/maps/place/data=!3m1!4b1!4m6!3m5!1s0x31cdebe477daa0b7:0xd8c77ac35ff2f21c!8m2!3d2.6556916!4d101.7928261!16s%2Fg%2F11c4514y1r?entry=ttu
KKSJ Jerantut Palm Oil mill,"KKSJ Jerantut Palm Oil mill, 27000 Jerantut, Pahang, Malaysia",,3,102.3455348,3.8638138,Mill,https://www.google.com/maps/place/data=!3m1!4b1!4m6!3m5!1s0x31c944283228afe5:0xabf84a1b24da9e6d!8m2!3d3.8638138!4d102.3455348!16s%2Fg%2F11hbkvl4jf?entry=ttu
Klk desa talisai palm oil mill,"Klk desa talisai palm oil mill, 90100 Beluran, Sabah, Malaysia",,3.7,117.5358461,5.7066733,Mill,https://www.google.com/maps/place/data=!3m1!4b1!4m6!3m5!1s0x32394a97c4fa471f:0x30f57304598e2d61!8m2!3d5.7066733!4d117.5358461!16s%2Fg%2F11hczcclsk?entry=ttu
KLK Kuala Pertang Mill,"KLK Kuala Pertang Mill, 18000 Kuala Krai, Kelantan, Malaysia",,5,102.238182,5.6227183,Mill,https://www.google.com/maps/place/data=!3m1!4b1!4m6!3m5!1s0x31b687c2264c4b7f:0xc3a32519386393bb!8m2!3d5.6227183!4d102.238182!16s%2Fg%2F11gh355w4v?entry=ttu
Kluang Oil Palm Processing S/B,"Kluang Oil Palm Processing S/B, BATU 4 1/2, Jalan Mersing, 86000 Kluang, Johor, Malaysia",,4.3,103.3303262,2.0351011,Oil refinery,https://www.google.com/maps/place/data=!3m1!4b1!4m6!3m5!1s0x31d0729d32bbe155:0x5825de5027359692!8m2!3d2.0351011!4d103.3303262!16s%2Fg%2F11bw46prh_?entry=ttu
Kluang Oil Palm Processing Sdn Bhd,"Kluang Oil Palm Processing Sdn Bhd, Lot 14771, Batu 4 1/2, Jalan Mersing, 86000, Kluang, Johor, 86000, Malaysia",,3.1,103.545464,2.2193268,Oil refinery,https://www.google.com/maps/place/data=!3m1!4b1!4m6!3m5!1s0x31daa7f534ae7c3d:0xc1bb3faba998ac85!8m2!3d2.2193268!4d103.545464!16s%2Fg%2F1tkskwzx?entry=ttu
KPF Palm Oil Mill,"KPF Palm Oil Mill, Lot 1, Block 9, Sedilu Gedong District Land, Sarawak, Malaysia",,4.8,110.6236495,1.3144967,Mill,https://www.google.com/maps/place/data=!3m1!4b1!4m6!3m5!1s0x31fb9354388fbfb5:0xc66b95eb0cf6de4a!8m2!3d1.3144967!4d110.6236495!16s%2Fg%2F11fjx8k0k0?entry=ttu
KPF Plantation Sdn Bhd,"KPF Plantation Sdn Bhd, Tingkat 7, Balai Felda, 1, Jln Gurney, 54000 Kuala Lumpur, Federal Territory of Kuala Lumpur, Malaysia",,3.8,101.7175607,3.1681727,Office,https://www.google.com/maps/place/data=!3m1!4b1!4m6!3m5!1s0x31cc37dcd74f75e9:0x140fd90de167fc28!8m2!3d3.1681727!4d101.7175607!16s%2Fg%2F11cssw0mmb?entry=ttu
Kuala Pertang Syndicate Ltd,"Kuala Pertang Syndicate Ltd, Kilang Kelapa Sawit, Kampung Kuala Pertang 1, Kuala Krai, 18000, Kuala Krai, Kelantan, 18000, Malaysia",,4,102.2381067,5.6238777,Mill,https://www.google.com/maps/place/data=!3m1!4b1!4m6!3m5!1s0x31b67c65c2c265eb:0xe6bc21e56b95c205!8m2!3d5.6238777!4d102.2381067!16s%2Fg%2F1tj93y3c?entry=ttu
Kuching Palm Oil Industries Sdn Bhd,"Kuching Palm Oil Industries Sdn Bhd, 93050 Kuching, Sarawak, Malaysia",http://www.pgeogroup.com.my/,4,110.450746,1.6245856,Mill,https://www.google.com/maps/place/data=!3m1!4b1!4m6!3m5!1s0x31fbaf31a193dcfb:0x310ac07872dc5348!8m2!3d1.6245856!4d110.450746!16s%2Fg%2F11fp2z81v3?entry=ttu
Ladang Mamahat Oil Palm Mill,"Ladang Mamahat Oil Palm Mill, Tabung Haji, 31650 Ipoh, Perak, Malaysia",,5,117.5695125,6.4660935,Mill,https://www.google.com/maps/place/data=!3m1!4b1!4m6!3m5!1s0x3239bd41cf115d6d:0x4d786e3cadab8508!8m2!3d6.4660935!4d117.5695125!16s%2Fg%2F11c55w8yqs?entry=ttu
"Ladang Pin Palm Oil Mill, Tung Hup Group Berhad","Ladang Pin Palm Oil Mill, Tung Hup Group Berhad, Kinabatangan, Sabah, Malaysia",,5,117.8708657,5.2806004,Mill,https://www.google.com/maps/place/data=!3m1!4b1!4m6!3m5!1s0x323ee3ce9574889d:0xdbccec8bf29497eb!8m2!3d5.2806004!4d117.8708657!16s%2Fg%2F11c1sj917h?entry=ttu
Lahad Datu Palm Oil Mill,"Lahad Datu Palm Oil Mill, 90000 Kinabatangan, Sabah, Malaysia",,5,118.0429229,5.3192839,Mill,https://www.google.com/maps/place/data=!3m1!4b1!4m6!3m5!1s0x323f191f135a3de1:0x4f3945c4edffedb4!8m2!3d5.3192839!4d118.0429229!16s%2Fg%2F11f545vqzg?entry=ttu
Lambir Palm Oil Mill,"Lot 12, Block 13, Lambir Palm Oil Mill, Bukit Kisi Land District, KM 41, Bintulu - Miri Hwy, 98007 Miri, Sarawak, Malaysia",https://sop.com.my/,4.2,113.975923,4.1374615,Mill,https://www.google.com/maps/place/data=!3m1!4b1!4m6!3m5!1s0x321f2fa20082a8db:0xec1b9bb84183a364!8m2!3d4.1374615!4d113.975923!16s%2Fg%2F11cspsddp9?entry=ttu
Langkon Palm Oil Mill,"Langkon Palm Oil Mill, Palm Oil Mill, Langkon, 89100 Kota Marudu, Sabah, Malaysia",,5,116.7083309,6.5716742,Oil refinery,https://www.google.com/maps/place/data=!3m1!4b1!4m6!3m5!1s0x323a46ab879d810f:0xb5263b697b6f6fc6!8m2!3d6.5716742!4d116.7083309!16s%2Fg%2F11g8pf4w5g?entry=ttu
LCH Palm Oil Mill,"LCH Palm Oil Mill, Kampung Lot M, 90000 Kinabatangan, Sabah, Malaysia",,4.5,117.8112494,5.6621545,Oil refinery,https://www.google.com/maps/place/data=!3m1!4b1!4m6!3m5!1s0x323ed34637c0d8ab:0xc9d44bd482ed8209!8m2!3d5.6621545!4d117.8112494!16s%2Fg%2F11fy9cltnh?entry=ttu
LCSB Palm Oil Mill - Lepar,"LCSB Palm Oil Mill - Lepar, Unnamed Road, 26600 Pekan, Pahang, Malaysia",,3.7,103.0829777,3.5926205,Mill,https://www.google.com/maps/place/data=!3m1!4b1!4m6!3m5!1s0x31cf34760c46ca0f:0x2df0e301e4a492c9!8m2!3d3.5926205!4d103.0829777!16s%2Fg%2F11c2y792y2?entry=ttu
Lee Oilmills Sdn. Bhd.,"Lee Oilmills Sdn. Bhd., 234, Jalan Kapar, Kawasan 18, 41400 Klang, Selangor, Malaysia",,4,101.4446023,3.0592372,Office,https://www.google.com/maps/place/data=!3m1!4b1!4m6!3m5!1s0x31cc53662ee9b03d:0xb4b7a3e07b1a623e!8m2!3d3.0592372!4d101.4446023!16s%2Fg%2F1v2pmqfs?entry=ttu
Leepang Palm Oil Mills,"Leepang Palm Oil Mills, Batu 13, Jalan Jeroco, Sabah, 90000 Sandakan, Malaysia",,4.5,118.0570561,5.84561,Mill,https://www.google.com/maps/place/data=!3m1!4b1!4m6!3m5!1s0x3238da53b183c461:0xb50dd3ccefc0b80b!8m2!3d5.84561!4d118.0570561!16s%2Fg%2F11bymyjnd3?entry=ttu
Lepan Kabu Palm Oil Mill,"Lepan Kabu Palm Oil Mill, Pahi,, 18000, Kuala Krai, Kelantan, 18000, Malaysia",,4,102.2203464,5.4820197,Office,https://www.google.com/maps/place/data=!3m1!4b1!4m6!3m5!1s0x31b67ae395555555:0x25a79a211a6146c9!8m2!3d5.4820197!4d102.2203464!16s%2Fg%2F1v3kd_ch?entry=ttu
Liquid Palm Edible Oils Sdn. Bhd. (LPEO),"Liquid Palm Edible Oils Sdn. Bhd. (LPEO), LOT 5056, Kawasan Perindustrian Pengkalan Chepa II, 16100 Kota Bharu, Kelantan, Malaysia",,5,102.3013157,6.1487277,Office,https://www.google.com/maps/place/data=!3m1!4b1!4m6!3m5!1s0x31b6b1007455bbbd:0x766f8700b38f9680!8m2!3d6.1487277!4d102.3013157!16s%2Fg%2F11yypk1kbx?entry=ttu
Lungmanis Palm Oil Mill,"Lungmanis Palm Oil Mill, P.O.Box No. 60999, Lahad Datu, 91198, Sabah, 91198, Malaysia",,4.5,118.5883103,5.08392,Mill,https://www.google.com/maps/place/data=!3m1!4b1!4m6!3m5!1s0x323f9fb74c2423e1:0x1fc9a0c3a9b38369!8m2!3d5.08392!4d118.5883103!16s%2Fg%2F11cs5mqxpy?entry=ttu
Malaysian Refining Company Sdn Bhd,"Malaysian Refining Company Sdn Bhd, Bangunan Pentadbiran Sungai Udang, Malaysia, Persiaran Penapisan, 76300 Sungai Udang, Malacca, Malaysia",http://www.petronas.com.my/about-us/petronas-directory/Pages/PETRONAS%20Directory/Malaysian-Refining-Company-Sdn-Bhd.aspx,4.8,102.1361832,2.2751786,Oil refinery,https://www.google.com/maps/place/data=!3m1!4b1!4m6!3m5!1s0x31d1f9bd05fba49f:0x5713f7c233ad6f8c!8m2!3d2.2751786!4d102.1361832!16s%2Fg%2F1thktsd1?entry=ttu
Malpom Industries Berhad,"Malpom Industries Berhad, 3609, Jalan Changkat, 14200 Sungai Jawi, Penang, Malaysia",,3.2,100.4835128,5.2061865,Office,https://www.google.com/maps/place/data=!3m1!4b1!4m6!3m5!1s0x304ab0fa9324f649:0x6ac82e9e6166c990!8m2!3d5.2061865!4d100.4835128!16s%2Fg%2F1tgl6bky?entry=ttu
MALSA PALM OIL MILL,"MALSA PALM OIL MILL, 90100 Beluran, Sabah, Malaysia",,4.4,117.6569242,5.7827969,Mill,https://www.google.com/maps/place/data=!3m1!4b1!4m6!3m5!1s0x3239313a8f25348d:0x51d87929bd4f8685!8m2!3d5.7827969!4d117.6569242!16s%2Fg%2F11h9yg6l3_?entry=ttu
MANIS PALM OIL MILL,"MANIS PALM OIL MILL, Sibu, Sarawak, Malaysia",,3.8,111.8924713,2.130487,Farm,https://www.google.com/maps/place/data=!3m1!4b1!4m6!3m5!1s0x31f8329b330c9617:0xf392cbdf427e6f74!8m2!3d2.130487!4d111.8924713!16s%2Fg%2F11dztq6nmq?entry=ttu
MARAN OIL PALM ESTATE,"MARAN OIL PALM ESTATE, Unnamed Road,, Pahang, Malaysia",,4,102.8453856,3.7422621,Farm,https://www.google.com/maps/place/data=!3m1!4b1!4m6!3m5!1s0x31c8d6647986d2d3:0x182075e7f60b041e!8m2!3d3.7422621!4d102.8453856!16s%2Fg%2F11c1qcls4t?entry=ttu
Masai Palm Oil Mill,"No. 10, Masai Palm Oil Mill, 16, Jalan Sagu 8, Taman Daya, 81100 Johor Bahru, Johor, Malaysia",,,103.763006,1.544424,Office,https://www.google.com/maps/place/data=!3m1!4b1!4m6!3m5!1s0x31da6dda9832e729:0xe2b7e332463b20d3!8m2!3d1.544424!4d103.763006!16s%2Fg%2F1pzs2gslm?entry=ttu
Masranti PALM OIL MILL,"Masranti PALM OIL MILL, 94700 Simunjan, Sarawak, Malaysia",,3.4,110.8224147,1.1155721,Mill,https://www.google.com/maps/place/data=!3m1!4b1!4m6!3m5!1s0x31fc09ed28475461:0x68169e1877f5130a!8m2!3d1.1155721!4d110.8224147!16s%2Fg%2F11f00b0pq3?entry=ttu
Mawar Mentari Sdn. Bhd.,"Mawar Mentari Sdn. Bhd., No. 29, Jln M Raya 24, Melaka Raya, 75000 Malacca, Malaysia",https://mawarmentari.com.my/,5,102.2562052,2.1850923,Mill,https://www.google.com/maps/place/data=!3m1!4b1!4m6!3m5!1s0x31d1f1e246dc9373:0xc59f259a7679e19c!8m2!3d2.1850923!4d102.2562052!16s%2Fg%2F11bc8c049w?entry=ttu
Melalap Oil Mill,"Melalap Oil Mill, 89900 Tenom, Sabah, Malaysia",,3.9,115.9871651,5.2331568,Mill,https://www.google.com/maps/place/data=!3m1!4b1!4m6!3m5!1s0x323cdc296ca19bb7:0x809b172bfb9ccb7d!8m2!3d5.2331568!4d115.9871651!16s%2Fg%2F11b7kfkpds?entry=ttu
Melangking Oil Palm Plantation (Estate Office),"Melangking Oil Palm Plantation (Estate Office), Sukau, Kinabatangan, Sabah, Malaysia",,4.5,118.2456414,5.6367155,Farm,https://www.google.com/maps/place/data=!3m1!4b1!4m6!3m5!1s0x323f35ada0ca8721:0x3aa8b65a7e881d2!8m2!3d5.6367155!4d118.2456414!16s%2Fg%2F11h3rgfh1s?entry=ttu
Melangking Palm Oil Mill,"Melangking Palm Oil Mill, Sandakan, Sabah, Malaysia",,4,118.2477161,5.6226632,Mill,https://www.google.com/maps/place/data=!3m1!4b1!4m6!3m5!1s0x323f34e3430bd391:0xbe5170f76725767c!8m2!3d5.6226632!4d118.2477161!16s%2Fg%2F11dy1gknty?entry=ttu
Melewar Palm Oil Mill,"Melewar Palm Oil Mill, Beg Berkunci 11, 91109, Lahad Datu, Sabah, 90000, Malaysia",,4.6,118.0549095,5.2718147,Oil refinery,https://www.google.com/maps/place/data=!3m1!4b1!4m6!3m5!1s0x323f7588da979ef5:0xe260fa87cc6576d0!8m2!3d5.2718147!4d118.0549095!16s%2Fg%2F1tfyb2wf?entry=ttu
MELUR GEMILANG PALM OIL MILL,"MELUR GEMILANG PALM OIL MILL, 94800 Simunjan, Sarawak, Malaysia",,4.7,110.8132402,1.209865,Mill,https://www.google.com/maps/place/data=!3m1!4b1!4m6!3m5!1s0x31fbf13b9cedda61:0xf1342041e4186b22!8m2!3d1.209865!4d110.8132402!16s%2Fg%2F11tww25lh5?entry=ttu
Merchong palm oil mill,"R823+RR Merchong palm oil mill, Kuala Rompin, Pahang, Malaysia",,5,103.3045199,2.8020906,Mill,https://www.google.com/maps/place/data=!3m1!4b1!4m6!3m5!1s0x31cf910023299e39:0x9b6e85bf7045b9a7!8m2!3d2.8020906!4d103.3045199!16s%2Fg%2F11ycg58jm1?entry=ttu
Mewah Oils Sdn Bhd,"X8CG+8X Mewah Oils Sdn Bhd, Lot 40, Section 4, Fasa 2A, Pulau Indah Industrial Park, Port Klang, 42920 Pulau Indah, Selangor, Malaysia",https://www.mewahgroup.com/,3.6,101.3267899,2.9694585,Oil refinery,https://www.google.com/maps/place/data=!3m1!4b1!4m6!3m5!1s0x31cdaa0c9c42b029:0x65d574bdb0798305!8m2!3d2.9694585!4d101.3267899!16s%2Fg%2F1tsclhkw?entry=ttu
Mewah Palm Oil Mill,"Mewah Palm Oil Mill, Kinabatangan, Sabah, Malaysia",,4.2,117.9100506,5.2547509,Mill,https://www.google.com/maps/place/data=!3m1!4b1!4m6!3m5!1s0x323ee262631cae21:0x49ee9fe1760a33d0!8m2!3d5.2547509!4d117.9100506!16s%2Fg%2F11hczj_bws?entry=ttu
MJM (Palm Oil Mill) Sdn. Bhd.,"MJM (Palm Oil Mill) Sdn. Bhd., Sibuti Land District Bekenu, 98150 Miri, Sarawak, Malaysia",http://www.mjmpom.com/,4.9,113.7913105,3.9600463,Mill,https://www.google.com/maps/place/data=!3m1!4b1!4m6!3m5!1s0x321ede6dcc7d1971:0x679469bc3fd274c0!8m2!3d3.9600463!4d113.7913105!16s%2Fg%2F11c0xcvq00?entry=ttu
ML GLOBAL RESOURCES (Palm oil export),"ML GLOBAL RESOURCES (Palm oil export), No. 3, Jalan Rawang, 45600 Bestari Jaya, Selangor, Malaysia",,4,101.378231,3.3663231,Wholesaler,https://www.google.com/maps/place/data=!3m1!4b1!4m6!3m5!1s0x31cc6065eb8bebad:0x6a9775ead1f6e918!8m2!3d3.3663231!4d101.378231!16s%2Fg%2F11byn14gkn?entry=ttu
MPOB Experimental Palm Oil Mill,"MPOB Experimental Palm Oil Mill, 3, Jalan Delima, Bandar Seri Jempol, 72120 Bandar Seri Jempol, Negeri Sembilan, Malaysia",,4,102.4178553,2.8932379,Farm,https://www.google.com/maps/place/data=!3m1!4b1!4m6!3m5!1s0x31ce6795d5048457:0x9edf93e4af8d6e5!8m2!3d2.8932379!4d102.4178553!16s%2Fg%2F11byn0vq0p?entry=ttu
Muhibah Palm Product Sdn. Bhd.,"Muhibah Palm Product Sdn. Bhd., 1-B, Jalan Sungai Burung X 32/X, Bukit Rimau, 40460 Shah Alam, Selangor, Malaysia",http://www.muhibahpalm.com/,3.4,101.5280705,3.0015333,Wholesaler,https://www.google.com/maps/place/data=!3m1!4b1!4m6!3m5!1s0x31cdb283d1c4132f:0x7f94e0268df9cf13!8m2!3d3.0015333!4d101.5280705!16s%2Fg%2F11bw67twdp?entry=ttu
Mukah Palm Oil Mill,"Mukah Palm Oil Mill, 96000 Mukah, Sarawak, Malaysia",,,112.33009,2.6508555,Mill,https://www.google.com/maps/place/data=!3m1!4b1!4m6!3m5!1s0x31f7c6a8fcc8efab:0x10e1ee16a96bc74a!8m2!3d2.6508555!4d112.33009!16s%2Fg%2F11g8gc38l9?entry=ttu
Nam Bee Company Sdn. Bhd.,"Nam Bee Company Sdn. Bhd., Air Kuning Selatan, 73200, Gemencheh, Negeri Sembilan, 73300, Malaysia",,3.9,102.4894485,2.4967534,Mill,https://www.google.com/maps/place/data=!3m1!4b1!4m6!3m5!1s0x31ce2232dbcd776d:0x741b5e2cd81b0e1f!8m2!3d2.4967534!4d102.4894485!16s%2Fg%2F1hc1l7k3_?entry=ttu
Niah Palm Oil Mill,"Niah Palm Oil Mill, Ladang Tiga,, 98200 Miri, Sarawak, Malaysia",,4.8,113.8625753,3.8726867,Mill,https://www.google.com/maps/place/data=!3m1!4b1!4m6!3m5!1s0x321edb54cb5e2d4f:0x91e4c527f9c85b97!8m2!3d3.8726867!4d113.8625753!16s%2Fg%2F11c3sqwdt_?entry=ttu
Nordanal palm Oil Mill,"Nordanal palm Oil Mill, Panchor, Johor, 84500 Muar, Malaysia",,,102.7245859,2.162153,Mill,https://www.google.com/maps/place/data=!3m1!4b1!4m6!3m5!1s0x31d1cbfa7c112da1:0x92b545cbc6361d96!8m2!3d2.162153!4d102.7245859!16s%2Fg%2F11byl422sz?entry=ttu
"PAGOH PALM OIL MILL, SD GUTHRIE","PAGOH PALM OIL MILL, SD GUTHRIE, Jorak, 84300 Bukit Pasir, Johor, Malaysia",https://www.sdguthrie.com/,,102.7215722,2.0783077,Mill,https://www.google.com/maps/place/data=!3m1!4b1!4m6!3m5!1s0x31d1b5e1505410d1:0xe5de46ab6b0a42e!8m2!3d2.0783077!4d102.7215722!16s%2Fg%2F11d_2fdrzt?entry=ttu
"Palm Oil Experience Centre, Carey Island","Palm Oil Experience Centre, Carey Island, 42700 Carey Island, Selangor, Malaysia",,4.7,101.4133309,2.8663963,Office,https://www.google.com/maps/place/data=!3m1!4b1!4m6!3m5!1s0x31cda7f7a631a82f:0x244b05b7397844f1!8m2!3d2.8663963!4d101.4133309!16s%2Fg%2F11h63qjft0?entry=ttu
Palm Oil Mill Arah Kawasan Sdn. Bhd,"Palm Oil Mill Arah Kawasan Sdn. Bhd, 09800 Serdang, Kedah, Malaysia",,2,100.6859831,5.2795158,Office,https://www.google.com/maps/place/data=!3m1!4b1!4m6!3m5!1s0x31b54a40165f0c95:0x60c806deb79874c1!8m2!3d5.2795158!4d100.6859831!16s%2Fg%2F11c5gd28p9?entry=ttu
Palm Pasoh,"Palm Pasoh, Kilang Sawit Pasoh, 72300 Simpang Pertang, Negeri Sembilan, Malaysia",,3.6,102.284996,3.0133492,Mill,https://www.google.com/maps/place/data=!3m1!4b1!4m6!3m5!1s0x31ce6291601bfdb7:0xef29fcbf6121dd1a!8m2!3d3.0133492!4d102.284996!16s%2Fg%2F11b6qdfhfp?entry=ttu
Palmtop Sdn. Bhd.,"Palmtop Sdn. Bhd., PLO 470, Jalan Keluli 1, Kawasan Perindustrian Pasir Gudang, 81700 Pasir Gudang, Johor, Malaysia",http://www.palmtopvegeoil.com.my/,3.9,103.9229757,1.4503065,Packaging company,https://www.google.com/maps/place/data=!3m1!4b1!4m6!3m5!1s0x31da3fdba2839f69:0x21a2b369f8b846fd!8m2!3d1.4503065!4d103.9229757!16s%2Fg%2F1tdgmbyh?entry=ttu
Paloh Palm Oil Mill,"Paloh Palm Oil Mill, Ladang, 86609 Paloh, Malaysia",https://m.facebook.com/pages/paloh-palm-oil-mill/539279966126333,5,103.211801,2.211714843,Mill,"https://www.google.com/maps/place/kilang+kelapa+sawit+paloh/@2.2080382,103.2093506,1539m/data=!3m1!1e3!4m14!1m7!3m6!1s0x31d0177494553621:0xb3f3f7288f3134df!2sPaloh+Palm+Oil+Mill!8m2!3d2.2074608!4d103.2126955!16s%2Fg%2F11flvvrpn5!3m5!1s0x31d01700228af02d:0xa19f0917eeef5c5d!8m2!3d2.2115067!4d103.2118094!16s%2Fg%2F11vjzz_mzw?entry=ttu&g_ep=EgoyMDI2MDQyMi4wIKXMDSoASAFQAw%3D%3D"
Pamol Kluang Palm Oil Mill,"P.O Box 1, 8 1, Pamol Kluang Palm Oil Mill, 2 Miles, Jalan Mersing, 86007 Kluang, Johor, Malaysia",,3.9,103.3935406,2.1096033,Mill,https://www.google.com/maps/place/data=!3m1!4b1!4m6!3m5!1s0x31d00dd603952f81:0x24c4ffd98f8c6297!8m2!3d2.1096033!4d103.3935406!16s%2Fg%2F11f9hrc3ps?entry=ttu
Pandewan Palm Oil Mill,"Pandewan Palm Oil Mill, Nabawan, Sabah, Malaysia",,5,116.4755945,4.9039197,Mill,https://www.google.com/maps/place/data=!3m1!4b1!4m6!3m5!1s0x323da156c346b535:0xdda6fc2c35a7bb58!8m2!3d4.9039197!4d116.4755945!16s%2Fg%2F11sqq24pk5?entry=ttu
Pangkor Oil Mills Sdn. Bhd.,"Pangkor Oil Mills Sdn. Bhd., Lot V-1, Lumut Port Industrial Park, Kampung Aceh, Sitiawan, 32000 Sitiawan, Perak, Malaysia",,4.3,100.6658658,4.2433356,Office,https://www.google.com/maps/place/data=!3m1!4b1!4m6!3m5!1s0x31cb2c236ab774a9:0x606ea8f49db38bf3!8m2!3d4.2433356!4d100.6658658!16s%2Fg%2F1tcvrbp_?entry=ttu
Pantai Remis Palm Oil Mill Sdn. Bhd.,"Pantai Remis Palm Oil Mill Sdn. Bhd., Lot 790, Jalan Ayer Tawer, 32500, Changkat Keruing, Perak, 32200, Malaysia",,4.1,100.697898,4.3662395,Mill,https://www.google.com/maps/place/data=!3m1!4b1!4m6!3m5!1s0x31cad464a8d961df:0x2a08bfa94c19f0a3!8m2!3d4.3662395!4d100.697898!16s%2Fg%2F1hc20gkkt?entry=ttu
Pasir Panjang Palm Oil Mill,"Pasir Panjang Palm Oil Mill, Jemaluang, 86810, Johor, Malaysia",,3.6,103.948527,2.017177,Mill,https://www.google.com/maps/place/data=!3m1!4b1!4m6!3m5!1s0x31daebd650df7a27:0xf4898f3b3d7070e5!8m2!3d2.017177!4d103.948527!16s%2Fg%2F11gy79h6h9?entry=ttu
Perak Agro Mills Sdn. Bhd.,"Perak Agro Mills Sdn. Bhd., Lot 4021, Mukim, 36800 Kampung Gajah, Perak, Malaysia",https://m.facebook.com/pages/Perak-Agro-Mills-Sdn-Bhd/245380028954160,4,100.9697355,4.2458415,Mill,https://www.google.com/maps/place/data=!3m1!4b1!4m6!3m5!1s0x31cb3d3d4ab12025:0x6d0ece0f81184845!8m2!3d4.2458415!4d100.9697355!16s%2Fg%2F11cfhmqhf?entry=ttu
Permai Palm Oil Mill,"Permai Palm Oil Mill, Lahad Datu, Sabah, Malaysia",,4.5,118.4413582,5.1872524,Oil refinery,https://www.google.com/maps/place/data=!3m1!4b1!4m6!3m5!1s0x323f702b6bafdd55:0x9c16aeff858e9a57!8m2!3d5.1872524!4d118.4413582!16s%2Fg%2F11f3428t9v?entry=ttu
PH Uni Palm Sdn Bhd,"PH Uni Palm Sdn Bhd, 19, Jalan Ah Siang, Stulang Darat, 80300 Johor Bahru, Johor, Malaysia",https://phworldpalmoil.com.my/,5,103.7733792,1.4631837,Mill,https://www.google.com/maps/place/data=!3m1!4b1!4m6!3m5!1s0x31da1375f72a458d:0xff169c8d86ac4b6f!8m2!3d1.4631837!4d103.7733792!16s%2Fg%2F11ldgwjf45?entry=ttu
Pintasan Palm Oil Mill,"Pintasan Palm Oil Mill, Kinabatangan, Sabah, Malaysia",,5,117.7150113,5.2270922,Mill,https://www.google.com/maps/place/data=!3m1!4b1!4m6!3m5!1s0x323eef80b63afd4b:0xdd0124bb1002243e!8m2!3d5.2270922!4d117.7150113!16s%2Fg%2F11pq_61q0v?entry=ttu
Pitas Palm Oil Mill,"Pitas Palm Oil Mill, 89100 Kota Marudu, Sabah, Malaysia",https://pitaspalmoilmill.blogspot.com/,4.2,116.9588198,6.6745282,Mill,https://www.google.com/maps/place/data=!3m1!4b1!4m6!3m5!1s0x323a17a0586157b7:0x8b2fbb8b40514bd6!8m2!3d6.6745282!4d116.9588198!16s%2Fg%2F11clvyf1pk?entry=ttu
PL OIL PALM & RUBBER SDN. BHD.,"PL OIL PALM & RUBBER SDN. BHD., 08300 Gurun, Kedah, Malaysia",,,100.5352071,5.8592061,Oil refinery,https://www.google.com/maps/place/data=!3m1!4b1!4m6!3m5!1s0x304b33de82869b7f:0x35c246486aeaedd4!8m2!3d5.8592061!4d100.5352071!16s%2Fg%2F11cjp5fmt5?entry=ttu
Plus Sunbest Palm Oil Mill Sdn Bhd (Majumas Palm Oil Mill),"Lot 128, 135 & 137 Block 3, Plus Sunbest Palm Oil Mill Sdn Bhd (Majumas Palm Oil Mill), Bakong Land District, 98000 Miri, Sarawak, Malaysia",,4.7,114.0362283,4.1365505,Mill,https://www.google.com/maps/place/data=!3m1!4b1!4m6!3m5!1s0x321f4fa6a431730d:0x864c3a319dddf64c!8m2!3d4.1365505!4d114.0362283!16s%2Fg%2F11lczwkb44?entry=ttu
Primaluck Palm Oil Mill,"834W+MG Primaluck Palm Oil Mill, Sarawak, Malaysia",,5,114.096293,4.306733,Mill,https://www.google.com/maps/place/data=!3m1!4b1!4m6!3m5!1s0x321f35eeccfd3281:0x360ee11e7fce6f68!8m2!3d4.306733!4d114.096293!16s%2Fg%2F11sh7bzdby?entry=ttu
PSS Oil Mill Sdn Bhd,"PSS Oil Mill Sdn Bhd, 97000 Bintulu, Sarawak, Malaysia",,5,113.2876815,3.396902,Mill,https://www.google.com/maps/place/data=!3m1!4b1!4m6!3m5!1s0x321dd569a939142b:0x96c68299f0f2f744!8m2!3d3.396902!4d113.2876815!16s%2Fg%2F11rvjfjqg5?entry=ttu
Public Palm Oils Trading,"Public Palm Oils Trading, No. 2, Jalan 3, Taman Industri Pandan Indah, 55100 Kuala Lumpur, Wilayah Persekutuan, Malaysia",,5,101.7643957,3.1315243,Wholesaler,https://www.google.com/maps/place/data=!3m1!4b1!4m6!3m5!1s0x31cc36ed6aa2a797:0xf023eedfe6c03f1!8m2!3d3.1315243!4d101.7643957!16s%2Fg%2F1pzsb591q?entry=ttu
Raja Udang Palm Oil Mill,"Raja Udang Palm Oil Mill, Pusa, Sarawak, Malaysia",,5,111.2018945,1.6649533,Mill,https://www.google.com/maps/place/data=!3m1!4b1!4m6!3m5!1s0x31f979d39639b591:0xea21f9db5963b856!8m2!3d1.6649533!4d111.2018945!16s%2Fg%2F11hwvhb3g_?entry=ttu
Raub Oil Mill Sdn Bhd,"Raub Oil Mill Sdn Bhd, Menara Manulife Rb, Jalan Gelenggang, Bukit Damansara, 50490 Kuala Lumpur, Federal Territory of Kuala Lumpur, Malaysia",,3.7,101.6633385,3.1512976,Office,https://www.google.com/maps/place/data=!3m1!4b1!4m6!3m5!1s0x31cc49d24bcf4baf:0x6cb4cd129fbc481a!8m2!3d3.1512976!4d101.6633385!16s%2Fg%2F1v4pqhl2?entry=ttu
Retus Palm Oil Mill,"Retus Palm Oil Mill, 96000 Sibu, Sarawak, Malaysia",,4.1,111.9294128,2.46507,Mill,https://www.google.com/maps/place/data=!3m1!4b1!4m6!3m5!1s0x31f79c8a8f2d81d5:0xcd767d1cac8f9af2!8m2!3d2.46507!4d111.9294128!16s%2Fg%2F11c2lsgmn4?entry=ttu
RH Plantation Sdn. Bhd. (Palm Oil Mill),"RH Plantation Sdn. Bhd. (Palm Oil Mill), Unnamed Road, 98150 Long Lama, Sarawak, Malaysia",,3.7,114.1026077,3.7761623,Mill,https://www.google.com/maps/place/data=!3m1!4b1!4m6!3m5!1s0x321ecbf36331aa3b:0x5a0be2c786d3a92e!8m2!3d3.7761623!4d114.1026077!16s%2Fg%2F11h0c0d12f?entry=ttu
RH Selangau Palm Oil Mill,"RH Selangau Palm Oil Mill, Unnamed Road, 96000, 96000 Mukah, Sarawak, Malaysia",,5,112.3345947,2.5851698,Mill,https://www.google.com/maps/place/data=!3m1!4b1!4m6!3m5!1s0x31f7c21e3b4351d1:0xf8d7c219e2e93f2!8m2!3d2.5851698!4d112.3345947!16s%2Fg%2F11f54kxdlr?entry=ttu
Rimmer Palm Oil Mill,"Rimmer Palm Oil Mill, Rimmer Palm Oil Mill, Palm Oil Mill, KM29, Jln Lahad Datu - Tungku, 91118 Lahad Datu, Sabah, Malaysia",,4.8,118.5715264,5.0199588,Mill,https://www.google.com/maps/place/data=!3m1!4b1!4m6!3m5!1s0x323f9fcc8192a741:0x96580f81a6ec222b!8m2!3d5.0199588!4d118.5715264!16s%2Fg%2F1pzv23b14?entry=ttu
Rompin Palm Oil Mill,"Rompin Palm Oil Mill, Rompin palm oil mill, Muadzam Shah Pahang Muadzam Shah, 26700 Kuantan, Pahang, Malaysia",,3.6,103.1724421,3.0775006,Mill,https://www.google.com/maps/place/data=!3m1!4b1!4m6!3m5!1s0x31cf0b4b1fb13471:0x70144d80204e1a86!8m2!3d3.0775006!4d103.1724421!16s%2Fg%2F11c54cnljp?entry=ttu
Sabah Softwood Kapilit Palm Oil Mill,"Sabah Softwood Kapilit Palm Oil Mill, Tawau, Sabah, Malaysia",,4,117.5263801,4.5039882,Mill,https://www.google.com/maps/place/data=!3m1!4b1!4m6!3m5!1s0x323e1fb5b3a20ea5:0xbf59ee5bebbf639c!8m2!3d4.5039882!4d117.5263801!16s%2Fg%2F11j8z82pb3?entry=ttu
Sabahmas Palm Oil Mill,"Sabahmas Palm Oil Mill, Lahad Datu, Sabah, Malaysia",,5,118.4054797,5.1773652,Mill,https://www.google.com/maps/place/data=!3m1!4b1!4m6!3m5!1s0x323f71ed925b2499:0xffec5947853e0fe4!8m2!3d5.1773652!4d118.4054797!16s%2Fg%2F11hbgpq41_?entry=ttu
SABAJU PALM OIL MILL,"SABAJU PALM OIL MILL, Sebauh, Sarawak, Malaysia",,4.1,113.509229,3.198552,Mill,https://www.google.com/maps/place/data=!3m1!4b1!4m6!3m5!1s0x321c36c449553f99:0x33e3d3757ca1f6df!8m2!3d3.198552!4d113.509229!16s%2Fg%2F11dzxgl3zs?entry=ttu
Sachiew Palm Oil Mill,"Sachiew Palm Oil Mill, 98200 Niah, Sarawak, Malaysia",,4.3,113.702902,3.7637915,Mill,https://www.google.com/maps/place/data=!3m1!4b1!4m6!3m5!1s0x321eea1941046add:0x96e6e6bb3f4740e!8m2!3d3.7637915!4d113.702902!16s%2Fg%2F11ckw6gt0b?entry=ttu
Sakilan Desa Palm Oil Mill,"Sakilan Desa Palm Oil Mill, 90000 Sandakan, Sabah, Malaysia",,3.5,117.8432252,5.8397593,Oil refinery,https://www.google.com/maps/place/data=!3m1!4b1!4m6!3m5!1s0x323926129c070a91:0x2d79fa552fb2f8e9!8m2!3d5.8397593!4d117.8432252!16s%2Fg%2F11f3zhscjw?entry=ttu
SALCRA Lubok Antu Palm Oil Mill 1,"SALCRA Lubok Antu Palm Oil Mill 1, 95800 Engkilili, Sarawak, Malaysia",,5,111.7622538,1.1683471,Mill,https://www.google.com/maps/place/data=!3m1!4b1!4m6!3m5!1s0x31f92c78632ea00d:0x4ccbbd69d8130a90!8m2!3d1.1683471!4d111.7622538!16s%2Fg%2F11c604xrr6?entry=ttu
SALCRA Lubok Antu Palm Oil Mill 2,"SALCRA Lubok Antu Palm Oil Mill 2, Batu 13, Jln Lubuk Antu, 95900 Engkilili, Sarawak, Malaysia",,5,111.7632751,1.1665339,Mill,https://www.google.com/maps/place/data=!3m1!4b1!4m6!3m5!1s0x31f92b8f2ccfc719:0x67438b4bce95cf7b!8m2!3d1.1665339!4d111.7632751!16s%2Fg%2F11f8jwrh3n?entry=ttu
Salcra Serian Palm Oil Mill,"Salcra Serian Palm Oil Mill, Unnamed Road, Serian, Sarawak, Malaysia",,4.5,110.6236819,0.9556874,Mill,https://www.google.com/maps/place/data=!3m1!4b1!4m6!3m5!1s0x31fc6dd344c2ee43:0x2a53a34f0b2b35d8!8m2!3d0.9556874!4d110.6236819!16s%2Fg%2F11c6pmht1q?entry=ttu
Samantan Palm Oil Mill,"Samantan Palm Oil Mill, Batu 3, Lebuhraya Karak, Pahang, 28407 Mentakab, Malaysia",,3.8,102.3146445,3.468632,Mill,https://www.google.com/maps/place/data=!3m1!4b1!4m6!3m5!1s0x31ceba6cdbdaa26f:0x7f86da74e27657ae!8m2!3d3.468632!4d102.3146445!16s%2Fg%2F1pztmhhj1?entry=ttu
Sandakan Bay Palm Oil Mill,"Sandakan Bay Palm Oil Mill, Locked Bag 39, 90009 Sandakan, Sabah, Malaysia",https://www.sdguthrie.com/,4.6,118.1676068,5.6404024,Mill,https://www.google.com/maps/place/data=!3m1!4b1!4m6!3m5!1s0x323f33247c5b4f15:0x9af8345e73cb5ef3!8m2!3d5.6404024!4d118.1676068!16s%2Fg%2F11f33qrjxh?entry=ttu
Sandau Palm Oil Mill,"Sandau Palm Oil Mill, 90000 Lahad Datu, Sabah, Malaysia",http://www.sawitkinabalu.com.my/,3.9,118.1354211,5.20293,Mill,https://www.google.com/maps/place/data=!3m1!4b1!4m6!3m5!1s0x323f0fe0833e72f1:0x6dc54869fbcbefa3!8m2!3d5.20293!4d118.1354211!16s%2Fg%2F11b_24s1mk?entry=ttu
Sang Guan Oil Mill,"Sang Guan Oil Mill, 91000 Tawau, Sabah, Malaysia",,3.4,118.1843831,4.5612514,Mill,https://www.google.com/maps/place/data=!3m1!4b1!4m6!3m5!1s0x323fdbb5e04cd293:0x32c0ecb8e146b5f6!8m2!3d4.5612514!4d118.1843831!16s%2Fg%2F11fd4t1wvc?entry=ttu
Sapang Palm Oil Mill,"Sapang Palm Oil Mill, 91100 Semporna, Sabah, Malaysia",,4.6,118.3170343,4.5790986,Mill,https://www.google.com/maps/place/data=!3m1!4b1!4m6!3m5!1s0x323fe7154c838fa3:0x8a4959d664b49898!8m2!3d4.5790986!4d118.3170343!16s%2Fg%2F11gj757jww?entry=ttu
Saremas 1 PALM OIL MILL,"Saremas 1 PALM OIL MILL, Jalan Bintulu - Miri, Suai, 98200 Miri, Sarawak, Malaysia",,4.3,113.7444021,3.5249306,Mill,https://www.google.com/maps/place/data=!3m1!4b1!4m6!3m5!1s0x321e98940e079259:0x1b93e922c6350336!8m2!3d3.5249306!4d113.7444021!16s%2Fg%2F11c5g62t0n?entry=ttu
SD Guthrie West Oil Mill,"SD Guthrie West Oil Mill, KILANG KELAPA SAWIT WEST, 42960 Carey Island, Selangor, Malaysia",https://www.sdguthrie.com/,5,101.3601674,2.9051089,Mill,https://www.google.com/maps/place/data=!3m1!4b1!4m6!3m5!1s0x31cda8394dc1c0e7:0xcb3ecac59f63d3e4!8m2!3d2.9051089!4d101.3601674!16s%2Fg%2F11cmsg4zsl?entry=ttu
"SD Guthrie, Elphil Palm Oil Mill","SD Guthrie, Elphil Palm Oil Mill, Kilang Kelapa Sawit Elphil, Batu 6, Jln Lintang, 31100 Sungai Siput, Perak, Malaysia",https://www.sdguthrie.com/,4,101.0939608,4.8893814,Mill,https://www.google.com/maps/place/data=!3m1!4b1!4m6!3m5!1s0x31ca9c734c998f29:0xe18ca4588b12a57e!8m2!3d4.8893814!4d101.0939608!16s%2Fg%2F11cktd8nzd?entry=ttu
SDG Chersonese Palm Oill Mill,"SDG Chersonese Palm Oill Mill, 34300 Kuala Kurau, Perak, Malaysia",,4,100.4619074,4.9772074,Mill,https://www.google.com/maps/place/data=!3m1!4b1!4m6!3m5!1s0x304aa918c53b3335:0xeb99dc67f8785312!8m2!3d4.9772074!4d100.4619074!16s%2Fg%2F11hf2ffzlc?entry=ttu
Sebrang Palm Oil Mill,"Sebrang Palm Oil Mill, KM17, JALAN TUNGKU, PETI SURAT 60211, 91111 Lahad Datu, Sabah, Malaysia",,4.1,118.5559216,4.9910838,Mill,https://www.google.com/maps/place/data=!3m1!4b1!4m6!3m5!1s0x323f83b32b5b5103:0x2da870f28ad14d6b!8m2!3d4.9910838!4d118.5559216!16s%2Fg%2F11h10vkdc2?entry=ttu
Sedenak Palm Oil Mill Reception,"Sedenak Palm Oil Mill Reception, 81000, Johor, Malaysia",,5,103.5394361,1.7298924,Oil refinery,https://www.google.com/maps/place/data=!3m1!4b1!4m6!3m5!1s0x31d081d279637cab:0xed2451b4556e60de!8m2!3d1.7298924!4d103.5394361!16s%2Fg%2F11bwh5g7nb?entry=ttu
Segamaha Palm Oil Mill,"Segamaha Palm Oil Mill, Pekan Lahad Datu, 91117 Lahad Datu, Sabah, Malaysia",,4.2,117.8096794,5.2086521,Mill,https://www.google.com/maps/place/data=!3m1!4b1!4m6!3m5!1s0x323f75888cd64379:0x8f13fba2a3bd098!8m2!3d5.2086521!4d117.8096794!16s%2Fg%2F11byl8sfx6?entry=ttu
Segaria Palm Oil Mill,"Segaria Palm Oil Mill, 91308 Semporna, Sabah, Malaysia",,4.4,118.3982371,4.4821906,Mill,https://www.google.com/maps/place/data=!3m1!4b1!4m6!3m5!1s0x323fe228ac8cd78b:0x1fc0e8e26a0bedaa!8m2!3d4.4821906!4d118.3982371!16s%2Fg%2F11f4lj74ys?entry=ttu
Sepakau Palm Oil Mill,"Lot 10, Sepakau Palm Oil Mill, Punan Land District Daerah, 96950 Belaga, Sarawak, Malaysia",,4.4,113.8634255,2.9718075,Mill,https://www.google.com/maps/place/data=!3m1!4b1!4m6!3m5!1s0x321c6580067fba19:0x78d220571dbd7f4d!8m2!3d2.9718075!4d113.8634255!16s%2Fg%2F11h3ydkzyk?entry=ttu
Serasa Palm Oil Mill,"Serasa Palm Oil Mill, 18300, Kelantan, Malaysia",,3.9,102.1756621,5.0990598,Mill,https://www.google.com/maps/place/data=!3m1!4b1!4m6!3m5!1s0x31b605efe44e9fbb:0x86a9d90eb4ba5923!8m2!3d5.0990598!4d102.1756621!16s%2Fg%2F11hbgsjqxd?entry=ttu
Setiakawan Palmoil Mill,"Setiakawan Palmoil Mill, Kampung Jangkang, 09700 Karangan, Kedah, Malaysia",,3.9,100.6280178,5.4451313,Mill,https://www.google.com/maps/place/data=!3m1!4b1!4m6!3m5!1s0x31b52c4a5f2f7237:0x6f317d749bb8487b!8m2!3d5.4451313!4d100.6280178!16s%2Fg%2F11c52_yky8?entry=ttu
Sg Kachur Palm Oil Mill,"Sg Kachur Palm Oil Mill, Unnamed Rd, 81900, Johor, Malaysia",,4,103.7644577,1.78135,Mill,https://www.google.com/maps/place/data=!3m1!4b1!4m6!3m5!1s0x31da882842803ec9:0xfb8389d22b10752f!8m2!3d1.78135!4d103.7644577!16s%2Fg%2F11by__zc2m?entry=ttu
SHH Oil Mill Sdn. Bhd.,"Lot 1273, SHH Oil Mill Sdn. Bhd., Batu 14, Jalan Kapar, Kampung Tambak Jawa, 45800 Jeram, Selangor, Malaysia",https://forms.office.com/r/RadatJ9tWP,3.5,101.3242516,3.1634306,Mill,https://www.google.com/maps/place/data=!3m1!4b1!4m6!3m5!1s0x31cc571aa3f7d269:0xe7b5273d7340edaa!8m2!3d3.1634306!4d101.3242516!16s%2Fg%2F11jq_wv5dt?entry=ttu
Sindora Palm Oil Mill,"Sindora Palm Oil Mill, Johor, Malaysia",,5,103.4623095,1.9845216,Oil refinery,https://www.google.com/maps/place/data=!3m1!4b1!4m6!3m5!1s0x31d0774f83522077:0xb7a19057c3e6fc34!8m2!3d1.9845216!4d103.4623095!16s%2Fg%2F11m38t839l?entry=ttu
Solid Palm Oil Mill,"PHPQ+FX Solid Palm Oil Mill, Kampung Iran Suai, 98200 Niah, Sarawak, Malaysia",,,113.589932,3.736137,Mill,https://www.google.com/maps/place/data=!3m1!4b1!4m6!3m5!1s0x321eedade1c1e46f:0x4e593054743e962d!8m2!3d3.736137!4d113.589932!16s%2Fg%2F11vl3ppm73?entry=ttu
Sook Oil Mill Sungala,"Sook Oil Mill Sungala, Sook Oil Mills Sunggala, Kg Simpang Empat, 89008 Keningau, Sabah, Malaysia",,4,116.3624413,5.3331557,Mill,https://www.google.com/maps/place/data=!3m1!4b1!4m6!3m5!1s0x323cf6fb73a690cd:0x263bd1eca13c2fd4!8m2!3d5.3331557!4d116.3624413!16s%2Fg%2F11g6j7c5jw?entry=ttu
Soon Lee Huat Palm Oil Mill Sdn. Bhd.,"Soon Lee Huat Palm Oil Mill Sdn. Bhd., No. 35, Jalan Sultan Alam Shah, Banting, 42700, Banting, Selangor, 42700, Malaysia",,4.5,101.488188,2.793948,Office,https://www.google.com/maps/place/data=!3m1!4b1!4m6!3m5!1s0x31cda499fcac44c7:0xb27d38268cbe59e6!8m2!3d2.793948!4d101.488188!16s%2Fg%2F1td19y2z?entry=ttu
Soon Soon Oilmills Sdn Bhd,"Soon Soon Oilmills Sdn Bhd, 2448, Lorong Perusahaan 2, Kawasan Perusahaan Bebas Perai, 13600 Perai, Penang, Malaysia",http://www.soonsoonoil.com.my/,3.5,100.3843351,5.3697161,Oil refinery,https://www.google.com/maps/place/data=!3m1!4b1!4m6!3m5!1s0x304ac7ce27cc8de1:0x7fcc7cdf71466526!8m2!3d5.3697161!4d100.3843351!16s%2Fg%2F1hc1ht2fk?entry=ttu
Southern Malay Palm Oil Mill - Victory Enghoe Plantations Sdn Bhd,"Southern Malay Palm Oil Mill - Victory Enghoe Plantations Sdn Bhd, 41MS, Jalan Johor Bahru SIMPANG RENGGAM, 86200 Kluang, Johor Darul Ta'zim, Malaysia",,4.1,103.3618016,1.7905928,Mill,https://www.google.com/maps/place/data=!3m1!4b1!4m6!3m5!1s0x31d07d5261998cd1:0x8fa860ff797c030e!8m2!3d1.7905928!4d103.3618016!16s%2Fg%2F11fxf001nc?entry=ttu
Southern Perak Plantations Sdn. Bhd.,"Southern Perak Plantations Sdn. Bhd., Hutan Melintang, 36400, Hutan Melintang, Perak, 36400, Malaysia",,3.7,101.0178131,3.8088993,Office,https://www.google.com/maps/place/data=!3m1!4b1!4m6!3m5!1s0x31cb424a8c52f35d:0x17f21d67ade30818!8m2!3d3.8088993!4d101.0178131!16s%2Fg%2F1tgh9n6p?entry=ttu
Sri Jelutung Palm Oil Mill,"Sri Jelutung Palm Oil Mill, 26650 Pekan, Pahang, Malaysia",,4.2,103.127974,3.350156,Mill,https://www.google.com/maps/place/data=!3m1!4b1!4m6!3m5!1s0x31cf3fb5553c85e1:0x497a8bd02dd299c2!8m2!3d3.350156!4d103.127974!16s%2Fg%2F11c5hkg589?entry=ttu
Sri Kamusan Palm Oil Mill,"Sri Kamusan Palm Oil Mill, Jalan Borneo, 89100, Sabah, Malaysia",,3.9,117.2925097,6.2033977,Mill,https://www.google.com/maps/place/data=!3m1!4b1!4m6!3m5!1s0x32397b40e63341cb:0xb33f0006c01e37a0!8m2!3d6.2033977!4d117.2925097!16s%2Fg%2F11f6y117x5?entry=ttu
Sri Senggora Kilang Kelapa Sawit Sdn. Bhd.,"Sri Senggora Kilang Kelapa Sawit Sdn. Bhd., PT 6108, Jalan Kampung Belimbing, 26500 Maran, Pahang, Malaysia",,3.7,102.9181774,3.604204,Mill,https://www.google.com/maps/place/data=!3m1!4b1!4m6!3m5!1s0x31c8d3500975d785:0xba22d7ba82b03c17!8m2!3d3.604204!4d102.9181774!16s%2Fg%2F11bylbnf8h?entry=ttu
Suburmas Palm Oil Mill,"Suburmas Palm Oil Mill, Bintulu, Sarawak, Malaysia",,3.7,113.3605127,3.5260519,Mill,https://www.google.com/maps/place/data=!3m1!4b1!4m6!3m5!1s0x321e7de989bed091:0xbd7cd38542463343!8m2!3d3.5260519!4d113.3605127!16s%2Fg%2F11f3zwsyc9?entry=ttu
Sukau Palm Oil Mill Sdn Bhd,"Sukau Palm Oil Mill Sdn Bhd, 90000 Kinabatangan, Sabah, Malaysia",,5,118.2041037,5.5687901,Mill,https://www.google.com/maps/place/data=!3m1!4b1!4m6!3m5!1s0x323f3152eb450ddd:0xf2868981346ce831!8m2!3d5.5687901!4d118.2041037!16s%2Fg%2F11b6jddf2x?entry=ttu
Sungai Ruku Palm Oil Mill,"Sungai Ruku Palm Oil Mill, Unnamed Road, Kampung Jaya Baru, 90000 Kinabatangan, Sabah, Malaysia",,4.2,117.9005218,5.563008,Mill,https://www.google.com/maps/place/data=!3m1!4b1!4m6!3m5!1s0x323ed6482c665e8b:0xb7f9110ea11a9508!8m2!3d5.563008!4d117.9005218!16s%2Fg%2F11dylvnkbn?entry=ttu
SUNGAI SUGUT PALM OIL MILL SDN. BHD.,"SUNGAI SUGUT PALM OIL MILL SDN. BHD., 89100 Beluran, Sabah, Malaysia",,2.5,117.3263139,5.8664926,Mill,https://www.google.com/maps/place/data=!3m1!4b1!4m6!3m5!1s0x32395be92c7213dd:0x2fd79534d0a4a292!8m2!3d5.8664926!4d117.3263139!16s%2Fg%2F11l3m9gn_v?entry=ttu
Sungai Tong Oil Palm Mill,"Sungai Tong Oil Palm Mill, 102 & 102A, Jalan Sultan Ismail, Kampung Bukit Nenas, 20200 Kuala Terengganu, Terenggganu, Malaysia",,5,102.9091331,5.3081619,Mill,https://www.google.com/maps/place/data=!3m1!4b1!4m6!3m5!1s0x31b7be7a0c8c064b:0x6cfb410ada8c49ed!8m2!3d5.3081619!4d102.9091331!16s%2Fg%2F1pzx7_fy8?entry=ttu
Sungei Kahang Palm Oil Sdn. Bhd.,"Sungei Kahang Palm Oil Sdn. Bhd., 402, Ladang Sungai Kahang, 86700 Kahang, Johor, Malaysia",,4.3,103.526596,2.2283651,Mill,https://www.google.com/maps/place/data=!3m1!4b1!4m6!3m5!1s0x31daae9b8e33b483:0xa15ceb58c6e7380f!8m2!3d2.2283651!4d103.526596!16s%2Fg%2F1pzvd0srj?entry=ttu
Syarikat Cahaya Muda Perak (Oil Mill) Sdn Bhd,"Syarikat Cahaya Muda Perak (Oil Mill) Sdn Bhd, P.O. Box No. 12, 35007, Tapah, Perak, 35500, Malaysia",,4.2,101.2818298,4.1602206,Mill,https://www.google.com/maps/place/data=!3m1!4b1!4m6!3m5!1s0x31cb069ae18b39ad:0x6ce9589e5c8ac901!8m2!3d4.1602206!4d101.2818298!16s%2Fg%2F1hc26_99d?entry=ttu
Syarimo Palm Oil Mill,"Syarimo Palm Oil Mill, Kinabatangan, Sabah, Malaysia",,4.3,117.7808281,5.3333781,Oil refinery,https://www.google.com/maps/place/data=!3m1!4b1!4m6!3m5!1s0x323ee654fba492a7:0x1e31d21bfbbcaa8!8m2!3d5.3333781!4d117.7808281!16s%2Fg%2F11hbpzn33j?entry=ttu
TA PALM OIL MILL,"TA PALM OIL MILL, 53, Jalan Serian - Sri Aman, 94700 Serian, Sarawak, Malaysia",,4.6,110.6911087,1.023361,Mill,https://www.google.com/maps/place/data=!3m1!4b1!4m6!3m5!1s0x31fc72de51c98a57:0xd0f65ac5128d61da!8m2!3d1.023361!4d110.6911087!16s%2Fg%2F11c1sbwvr2?entry=ttu
Taclico Co. Sdn. Bhd.,"No. 20, Taclico Co. Sdn. Bhd., 09400 Padang Serai, Kedah, Malaysia",,3.9,100.5990408,5.5083771,Mill,https://www.google.com/maps/place/data=!3m1!4b1!4m6!3m5!1s0x304ad3c9eccfe245:0x39b2ff1407989b2a!8m2!3d5.5083771!4d100.5990408!16s%2Fg%2F1pzpxsrkx?entry=ttu
Takon Palm Oil Mill,"Takon Palm Oil Mill, Lahad Datu, Sabah, Malaysia",,4.4,118.8124008,5.0646734,Mill,https://www.google.com/maps/place/data=!3m1!4b1!4m6!3m5!1s0x324087306bea0f8b:0x8949341b0d9f35a2!8m2!3d5.0646734!4d118.8124008!16s%2Fg%2F11gwh89wwj?entry=ttu
Tamaco Oil Mill 1,"Tamaco Oil Mill 1, tamaco oil mill1, Malaysia",,4.7,118.326622,5.2437433,Oil refinery,https://www.google.com/maps/place/data=!3m1!4b1!4m6!3m5!1s0x323f6ce89064ccb7:0x875565d9340b4b00!8m2!3d5.2437433!4d118.326622!16s%2Fg%2F11csq7yhyn?entry=ttu
Taner R&D Palm Oil Mill Sdn Bhd,"Taner R&D Palm Oil Mill Sdn Bhd, Jalan Tenom - Keningau, Melalap, 89900 Tenom, Sabah, Malaysia",http://www.taner.com.my/,2.3,116.0084838,5.2546753,Mill,https://www.google.com/maps/place/data=!3m1!4b1!4m6!3m5!1s0x323cddbbae29a32b:0x5e319e12a6557ac9!8m2!3d5.2546753!4d116.0084838!16s%2Fg%2F11c5bj27l2?entry=ttu
Tanjung panjang palm oil mill,"Tanjung panjang palm oil mill, Unnamed Rd Kota Kinabatangan Sabah, Malaysia",,3.9,118.335542,5.6422211,Mill,https://www.google.com/maps/place/data=!3m1!4b1!4m6!3m5!1s0x323f4ad26f24e881:0xd3d8da389bfc6721!8m2!3d5.6422211!4d118.335542!16s%2Fg%2F11b6c0b_c7?entry=ttu
TDM Kemaman POM,"TDM Kemaman POM, 24000 Chukai, Terengganu, Malaysia",,4.3,103.2479275,4.403204,Office,https://www.google.com/maps/place/data=!3m1!4b1!4m6!3m5!1s0x31c8666197518475:0xa6f70f3eebcf7a73!8m2!3d4.403204!4d103.2479275!16s%2Fg%2F11bx8hfznp?entry=ttu
Telok Sengat Palm Oil Mill,"Telok Sengat Palm Oil Mill, 81900 Ayer Tawar, Johor, Malaysia",,4.3,104.0436995,1.5682713,Mill,https://www.google.com/maps/place/data=!3m1!4b1!4m6!3m5!1s0x31da4437bf8013db:0x3bfbc2451bd1b47!8m2!3d1.5682713!4d104.0436995!16s%2Fg%2F11b8_ppkg_?entry=ttu
Tennamaran Oil Mill,"Tennamaran Oil Mill, Kampung Kuantan, Selangor, 45600 Bestari Jaya, Malaysia",,4,101.4176097,3.3959501,Oil refinery,https://www.google.com/maps/place/data=!3m1!4b1!4m6!3m5!1s0x31cc606aaaaaaaab:0x41f3f068ac067982!8m2!3d3.3959501!4d101.4176097!16s%2Fg%2F11byldk815?entry=ttu
Tian Siang Air Kuning Oil Mill,"Tian Siang Air Kuning Oil Mill, 35350 Tapah Road, Perak, Malaysia",,3.9,101.1604749,4.1615954,Mill,https://www.google.com/maps/place/data=!3m1!4b1!4m6!3m5!1s0x31cb1aad22feb353:0xcd7bb186688855a1!8m2!3d4.1615954!4d101.1604749!16s%2Fg%2F11c6vwb0xp?entry=ttu
Tian Siang Oil Mill Raub,"Tian Siang Oil Mill Raub, Unnamed Road,, 27650 Raub District, Pahang, Malaysia",,3.7,101.7904168,3.9863149,Mill,https://www.google.com/maps/place/data=!3m1!4b1!4m6!3m5!1s0x31cbc1fdb376745f:0xea4227946524ae1b!8m2!3d3.9863149!4d101.7904168!16s%2Fg%2F11c2przsh1?entry=ttu
Tian Siang Palm Oil Mill (Perak) Sdn Bhd,"Malaysia, Perak, Terong, Padang Gajah, Tian Siang Palm Oil Mill (Perak) Sdn Bhd邮政编码: 34800",,3.8,100.7156318,4.614621,Office,https://www.google.com/maps/place/data=!3m1!4b1!4m6!3m5!1s0x31cac96d4bcf4823:0x293c28df60b3614!8m2!3d4.614621!4d100.7156318!16s%2Fg%2F11g6mc5tv5?entry=ttu
Tian Siang Perak Palm Oil Mill,"HPVJ+XV Tian Siang Perak Palm Oil Mill, Sungai Tenang, 34800 Terong, Perak, Malaysia",,,100.732215,4.5949832,Mill,https://www.google.com/maps/place/data=!3m1!4b1!4m6!3m5!1s0x31cac9003f620eef:0x83c9ab5361c94498!8m2!3d4.5949832!4d100.732215!16s%2Fg%2F11yrjq4h74?entry=ttu
Tiew Thiam Hian Palm Oil Plantation,"Tiew Thiam Hian Palm Oil Plantation, Tiew Thiam Hian, Kampung Serdang Belah, 42700 Banting, Selangor, Malaysia",,2.5,101.509086,2.8361277,Farm,https://www.google.com/maps/place/data=!3m1!4b1!4m6!3m5!1s0x31cda5aa4093c59d:0x9228e2921def823f!8m2!3d2.8361277!4d101.509086!16s%2Fg%2F11fm2lyck_?entry=ttu
Timor Oil Palm Plantation Bhd,"Timor Oil Palm Plantation Bhd, Jalan Kampung Berkat, 26500 Maran, Pahang, Malaysia",,3.9,102.7657485,3.6346995,Mill,https://www.google.com/maps/place/data=!3m1!4b1!4m6!3m5!1s0x31ced523dbaf329d:0xec5b3ca4a2b3cb8e!8m2!3d3.6346995!4d102.7657485!16s%2Fg%2F11b66l1dk7?entry=ttu
Timora Palm Oil Mill,"Timora Palm Oil Mill, Jalan Jeroco, 91109 Lahad Datu, Sabah, Malaysia",,3.7,118.3400927,5.3047222,Oil refinery,https://www.google.com/maps/place/data=!3m1!4b1!4m6!3m5!1s0x323f75888cd64379:0xbf12ba81fe0094ff!8m2!3d5.3047222!4d118.3400927!16s%2Fg%2F11bym__22n?entry=ttu
Tinbarap Palm Oil Mill,"Tinbarap Palm Oil Mill, Long Lama, Sarawak, Malaysia",,3.7,114.2901341,4.0227945,Mill,https://www.google.com/maps/place/data=!3m1!4b1!4m6!3m5!1s0x3218d76dae741839:0xd9ae276938c26ca5!8m2!3d4.0227945!4d114.2901341!16s%2Fg%2F11j37hym9w?entry=ttu
Tomanggong Palm Oil Mill,"Tomanggong Palm Oil Mill, Unnamed Road, Kinabatangan, Sabah, Malaysia",,4.2,118.6592173,5.4273836,Mill,https://www.google.com/maps/place/data=!3m1!4b1!4m6!3m5!1s0x323f5890d1c1d9ab:0xc43e9c2d19815193!8m2!3d5.4273836!4d118.6592173!16s%2Fg%2F11dxb0xqsd?entry=ttu
Toupos Palm Oil Mill Sdn Bhd,"Toupos Palm Oil Mill Sdn Bhd, forest reserve, bukit taviu, 89100 Ranau, Sabah, Malaysia",,5,116.9052286,5.6743332,Oil refinery,https://www.google.com/maps/place/data=!3m1!4b1!4m6!3m5!1s0x323c0905b2a2d2d5:0x21e60438faa00645!8m2!3d5.6743332!4d116.9052286!16s%2Fg%2F11j8n9vvdk?entry=ttu
TP Palm Oil Mill,"TP Palm Oil Mill, Matu, Sarawak, Malaysia",,3.7,111.7370329,2.7825952,Mill,https://www.google.com/maps/place/data=!3m1!4b1!4m6!3m5!1s0x31f7046a0d117b09:0x873adec2d6c91b1d!8m2!3d2.7825952!4d111.7370329!16s%2Fg%2F11f3b3r3sd?entry=ttu
TSH Sabahan Palm Oil Mill,"91100, TSH Sabahan Palm Oil Mill, Unnamed Road, 91100 Kunak, Sabah, Malaysia",,,118.091974,4.8190192,Mill,https://www.google.com/maps/place/data=!3m1!4b1!4m6!3m5!1s0x323fb79da20ee011:0xfdf155c030d4f1b3!8m2!3d4.8190192!4d118.091974!16s%2Fg%2F11jg63wppr?entry=ttu
Ulu Sebol Palm Oil Mill,"Ulu Sebol Palm Oil Mill, KB 101, Kilang Sawit Ulu Sebol, 81400 Senai, Johor, Malaysia",https://m.facebook.com/pages/category/Industrial-Company/Ulu-Sebol-Palm-Oil-Mill-1953921578215829/,4.6,103.6227507,1.8883756,Oil refinery,https://www.google.com/maps/place/data=!3m1!4b1!4m6!3m5!1s0x31da70ce6a5bd75b:0x2f00e108fbb8d448!8m2!3d1.8883756!4d103.6227507!16s%2Fg%2F11bymykkqw?entry=ttu
"Unico Desa Mill, Sabah","Unico Desa Mill, Sabah, Kinabatangan, Sabah, Malaysia",,3.8,118.5291442,5.41299,Mill,https://www.google.com/maps/place/data=!3m1!4b1!4m6!3m5!1s0x323f5b7ee7938e57:0xf245b33d62b0977c!8m2!3d5.41299!4d118.5291442!16s%2Fg%2F11dxlb3d6b?entry=ttu
"Unico Palm Oil Mill, IOI Corporation Group","Unico Palm Oil Mill, IOI Corporation Group, Simpang jeroco, Unico oil mill, Batu13, 90000 Lahad Datu, Sabah, Malaysia",,5,118.2221815,5.1503057,Mill,https://www.google.com/maps/place/data=!3m1!4b1!4m6!3m5!1s0x323f0d9320065193:0xbe359286455da4fa!8m2!3d5.1503057!4d118.2221815!16s%2Fg%2F11h3db_ny2?entry=ttu
United Malacca Bhd.,"United Malacca Bhd., No .61, Jalan Melaka Raya 8, Taman Melaka Raya, 78300, Melaka, 75000, Malaysia",https://unitedmalacca.com.my/contact-us/,4.1,102.2617356,2.182845,Office,https://www.google.com/maps/place/data=!3m1!4b1!4m6!3m5!1s0x31d1ee1cf1f18257:0x574e8836e06c6def!8m2!3d2.182845!4d102.2617356!16s%2Fg%2F11r9hbtlh?entry=ttu
UNITED OIL PALM INDUSTRIES (BUKIT KARANGAN),"UNITED OIL PALM INDUSTRIES (BUKIT KARANGAN), LOT 4145, MUKIM, 09400 KULIM, Kedah, Malaysia",,,100.6320591,5.5279454,Oil refinery,https://www.google.com/maps/place/data=!3m1!4b1!4m6!3m5!1s0x31b52d81de276b83:0x5dd04e1bd6d335f0!8m2!3d5.5279454!4d100.6320591!16s%2Fg%2F11tsp10rjz?entry=ttu
Usaha Sepadan Palm Oil Mill,"Usaha Sepadan Palm Oil Mill, 97000 Bintulu, Sarawak, Malaysia",,5,113.1877362,3.3429059,Mill,https://www.google.com/maps/place/data=!3m1!4b1!4m6!3m5!1s0x321dda76f211adb5:0x91a06736d5d55f56!8m2!3d3.3429059!4d113.1877362!16s%2Fg%2F11hc_2fs60?entry=ttu
UTT Palm Oil Mill,"WQQR+C6 UTT Palm Oil Mill, Serian, Sarawak, Malaysia",,4.8,110.7922238,0.9389108,Mill,https://www.google.com/maps/place/data=!3m1!4b1!4m6!3m5!1s0x31fc13002a139fd1:0x9ffb8a8346fc1c80!8m2!3d0.9389108!4d110.7922238!16s%2Fg%2F11vk9rx8mm?entry=ttu
Wawasan Sedar Palm Oil Mill,"Wawasan Sedar Palm Oil Mill, Unnamed Road, Bintulu, Sarawak, Malaysia",,4.2,113.6134956,3.3195934,Mill,https://www.google.com/maps/place/data=!3m1!4b1!4m6!3m5!1s0x321c25e703995b27:0x8ab50ed411a2b037!8m2!3d3.3195934!4d113.6134956!16s%2Fg%2F11fkf86ddk?entry=ttu
Wujud wawasan palm oil mill,"2RMR+FQ Wujud wawasan palm oil mill, 26700 Bandar Tun Abdul Razak, Pahang, Malaysia",,5,102.8419928,3.0336377,Mill,https://www.google.com/maps/place/data=!3m1!4b1!4m6!3m5!1s0x31cf011f46e42c8d:0x8248127b857cda4!8m2!3d3.0336377!4d102.8419928!16s%2Fg%2F11t_wj9415?entry=ttu
Yee Lee Palm Oil Industries S/B,"Yee Lee Palm Oil Industries S/B, Lot 9399, Industrial Estate,, 35500 Bidor, Perak, Malaysia",http://yeelee.com.my/yee-lee-palm-oils-industries-sdn-bhd-p-9646/,4.7,101.2788968,4.086491,Oil refinery,https://www.google.com/maps/place/data=!3m1!4b1!4m6!3m5!1s0x31cb096962104959:0x765f9aabf934c61e!8m2!3d4.086491!4d101.2788968!16s%2Fg%2F1pty4jjzd?entry=ttu
YPJ Plantations Sdn. Bhd.,"YPJ Plantations Sdn. Bhd., KM 17, Locked Bag 510, Jalan Kulai-Kota Tinggi, 81900, Kota Tinggi, Johor, Malaysia, 81900 Kota Tinggi, Malaysia",,4.8,103.716832,1.7306086,Mill,https://www.google.com/maps/place/data=!3m1!4b1!4m6!3m5!1s0x31da6091a7659ecf:0xaf7fc711c01aeff6!8m2!3d1.7306086!4d103.716832!16s%2Fg%2F11c59yd3x7?entry=ttu
YPPH Palm Oil Mill,"YPPH Palm Oil Mill, Kilang Kelapa Sawit YP Plantation Holdings SDN BHD, Bebar, Daerah, Mukim, Ladang Sungai Bebar Utara, 26600 Pekan, Pahang, Malaysia",http://ypph.com.my/,4.8,103.3704406,3.2823846,Mill,https://www.google.com/maps/place/data=!3m1!4b1!4m6!3m5!1s0x31cf6754c293aaed:0xfe09ee27d150c07f!8m2!3d3.2823846!4d103.3704406!16s%2Fg%2F11vd9rlppq?entry=ttu
Yuwang Palm Oil Mill,"Yuwang Palm Oil Mill, Lahad Datu, Sabah, Malaysia",,4.3,117.9350553,4.7778198,Mill,https://www.google.com/maps/place/data=!3m1!4b1!4m6!3m5!1s0x323fb55041ae2425:0xae70e8fc06a5f180!8m2!3d4.7778198!4d117.9350553!16s%2Fg%2F11c5zhj5q7?entry=ttu
